u,w,shift_x,shift_y,align,n_on_top,n_clash,min_r_Hf_Sr,O_O_stack,d_min
0.0000,0.0000,0.0000,0.0000,0.1325,1,14,0.1415,5,2.2548
0.0000,0.0182,-0.0317,0.0634,0.1362,1,14,0.1530,5,2.2541
0.0000,0.0364,-0.0634,0.1268,0.1403,2,14,0.1919,5,2.2557
0.0000,0.0545,-0.0951,0.1902,0.1447,2,13,0.2455,5,2.2595
0.0000,0.0727,-0.1268,0.2536,0.1491,2,12,0.3063,5,2.2655
0.0000,0.0909,-0.1585,0.3171,0.1535,3,14,0.3706,5,2.2738
0.0000,0.1091,-0.1902,0.3805,0.1575,3,13,0.4370,5,2.2841
0.0000,0.1273,-0.2219,0.4439,0.1611,3,13,0.5047,6,2.2967
0.0000,0.1455,-0.2536,0.5073,0.1641,3,15,0.5074,6,2.3113
0.0000,0.1636,-0.2853,0.5707,0.1665,3,15,0.4913,5,2.3110
0.0000,0.1818,-0.3171,0.6341,0.1682,3,15,0.4439,5,2.3000
0.0000,0.2000,-0.3488,0.6975,0.1693,3,16,0.4033,4,2.2911
0.0000,0.2182,-0.3805,0.7609,0.1701,3,16,0.3720,4,2.2844
0.0000,0.2364,-0.4122,0.8243,0.1705,3,16,0.3524,4,2.2799
0.0000,0.2545,-0.4439,0.8877,0.1709,3,18,0.3464,4,2.2776
0.0000,0.2727,-0.4756,0.9512,0.1713,3,17,0.3548,5,2.2775
0.0000,0.2909,-0.5073,1.0146,0.1718,3,18,0.3766,5,2.2797
0.0000,0.3091,-0.5390,1.0780,0.1728,3,18,0.4096,5,2.2840
0.0000,0.3273,-0.5707,1.1414,0.1740,4,18,0.4515,5,2.2905
0.0000,0.3455,-0.6024,1.2048,0.1753,3,18,0.4778,5,2.2991
0.0000,0.3636,-0.6341,1.2682,0.1765,4,18,0.4771,5,2.3100
0.0000,0.3818,-0.6658,1.3316,0.1774,4,18,0.4868,5,2.3126
0.0000,0.4000,-0.6975,1.3950,0.1780,4,16,0.5064,5,2.2978
0.0000,0.4182,-0.7292,1.4584,0.1778,4,16,0.5347,5,2.2851
0.0000,0.4364,-0.7609,1.5218,0.1770,4,15,0.5704,6,2.2745
0.0000,0.4545,-0.7926,1.5853,0.1753,3,14,0.5899,6,2.2661
0.0000,0.4727,-0.8243,1.6487,0.1728,3,14,0.5190,7,2.2599
0.0000,0.4909,-0.8560,1.7121,0.1695,3,14,0.4481,6,2.2559
0.0000,0.5091,-0.8877,1.7755,0.1656,3,14,0.3773,5,2.2542
0.0000,0.5273,-0.9194,1.8389,0.1613,3,14,0.3064,4,2.2547
0.0000,0.5455,-0.9512,1.9023,0.1568,3,14,0.2356,4,2.2573
0.0000,0.5636,-0.9829,1.9657,0.1523,2,15,0.1648,4,2.2623
0.0000,0.5818,-1.0146,2.0291,0.1481,1,16,0.0942,5,2.2694
0.0000,0.6000,-1.0463,2.0925,0.1443,2,17,0.0253,5,2.2787
0.0000,0.6182,-1.0780,2.1559,0.1409,2,16,0.0496,5,2.2901
0.0000,0.6364,-1.1097,2.2194,0.1380,3,16,0.1197,4,2.3037
0.0000,0.6545,-1.1414,2.2828,0.1357,2,16,0.1788,4,2.3172
0.0000,0.6727,-1.1731,2.3462,0.1339,2,16,0.1437,4,2.3052
0.0000,0.6909,-1.2048,2.4096,0.1323,2,16,0.1394,5,2.2953
0.0000,0.7091,-1.2365,2.4730,0.1310,2,16,0.1680,5,2.2875
0.0000,0.7273,-1.2682,2.5364,0.1299,2,13,0.2170,5,2.2819
0.0000,0.7455,-1.2999,2.5998,0.1288,2,13,0.2757,6,2.2785
0.0000,0.7636,-1.3316,2.6632,0.1278,2,12,0.3391,6,2.2773
0.0000,0.7818,-1.3633,2.7266,0.1268,2,12,0.4050,5,2.2783
0.0000,0.8000,-1.3950,2.7900,0.1259,2,11,0.4723,5,2.2815
0.0000,0.8182,-1.4267,2.8535,0.1250,2,14,0.4156,5,2.2870
0.0000,0.8364,-1.4584,2.9169,0.1241,2,13,0.3447,4,2.2945
0.0000,0.8545,-1.4901,2.9803,0.1234,2,13,0.2738,4,2.3043
0.0000,0.8727,-1.5218,3.0437,0.1230,2,14,0.2030,4,2.3162
0.0000,0.8909,-1.5535,3.1071,0.1229,1,15,0.1321,6,2.3049
0.0000,0.9091,-1.5853,3.1705,0.1231,1,15,0.0615,6,2.2912
0.0000,0.9273,-1.6170,3.2339,0.1238,1,16,0.0121,5,2.2795
0.0000,0.9455,-1.6487,3.2973,0.1250,1,15,0.0810,5,2.2701
0.0000,0.9636,-1.6804,3.3607,0.1268,1,14,0.1518,5,2.2628
0.0000,0.9818,-1.7121,3.4241,0.1293,1,14,0.1635,5,2.2577
0.0182,0.0000,0.0634,0.0317,0.1377,1,15,0.0711,5,2.2602
0.0182,0.0182,0.0317,0.0951,0.1415,1,14,0.0918,5,2.2595
0.0182,0.0364,-0.0000,0.1585,0.1457,2,15,0.1478,6,2.2611
0.0182,0.0545,-0.0317,0.2219,0.1501,2,14,0.2129,5,2.2649
0.0182,0.0727,-0.0634,0.2853,0.1547,3,13,0.2808,5,2.2709
0.0182,0.0909,-0.0951,0.3488,0.1592,3,14,0.3499,5,2.2791
0.0182,0.1091,-0.1268,0.4122,0.1634,3,14,0.4196,5,2.2894
0.0182,0.1273,-0.1585,0.4756,0.1670,3,14,0.4896,5,2.3019
0.0182,0.1455,-0.1902,0.5390,0.1700,3,14,0.5598,6,2.3144
0.0182,0.1636,-0.2219,0.6024,0.1723,3,15,0.5436,6,2.3012
0.0182,0.1818,-0.2536,0.6658,0.1738,3,15,0.5011,5,2.2902
0.0182,0.2000,-0.2853,0.7292,0.1746,4,16,0.4656,4,2.2813
0.0182,0.2182,-0.3171,0.7926,0.1748,4,15,0.4388,4,2.2746
0.0182,0.2364,-0.3488,0.8560,0.1746,4,17,0.4223,4,2.2701
0.0182,0.2545,-0.3805,0.9194,0.1741,4,17,0.4173,4,2.2678
0.0182,0.2727,-0.4122,0.9829,0.1736,4,17,0.4243,5,2.2677
0.0182,0.2909,-0.4439,1.0463,0.1732,3,17,0.4426,5,2.2698
0.0182,0.3091,-0.4756,1.1097,0.1729,4,18,0.4443,5,2.2741
0.0182,0.3273,-0.5073,1.1731,0.1731,4,17,0.4202,5,2.2807
0.0182,0.3455,-0.5390,1.2365,0.1735,3,17,0.4072,6,2.2894
0.0182,0.3636,-0.5707,1.2999,0.1738,4,17,0.4064,6,2.3002
0.0182,0.3818,-0.6024,1.3633,0.1741,4,16,0.4177,5,2.3132
0.0182,0.4000,-0.6341,1.4267,0.1740,4,16,0.4404,5,2.3031
0.0182,0.4182,-0.6658,1.4901,0.1734,3,15,0.4726,4,2.2904
0.0182,0.4364,-0.6975,1.5535,0.1722,3,15,0.5127,4,2.2799
0.0182,0.4545,-0.7292,1.6170,0.1703,3,15,0.5590,5,2.2715
0.0182,0.4727,-0.7609,1.6804,0.1676,3,14,0.5254,6,2.2653
0.0182,0.4909,-0.7926,1.7438,0.1643,3,13,0.4555,6,2.2613
0.0182,0.5091,-0.8243,1.8072,0.1604,3,14,0.3860,6,2.2596
0.0182,0.5273,-0.8560,1.8706,0.1560,3,14,0.3170,5,2.2600
0.0182,0.5455,-0.8877,1.9340,0.1514,2,14,0.2492,4,2.2627
0.0182,0.5636,-0.9194,1.9974,0.1469,2,14,0.1838,4,2.2676
0.0182,0.5818,-0.9512,2.0608,0.1426,1,14,0.1245,5,2.2747
0.0182,0.6000,-0.9829,2.1242,0.1385,1,14,0.0852,5,2.2840
0.0182,0.6182,-1.0146,2.1876,0.1351,1,15,0.0953,5,2.2954
0.0182,0.6364,-1.0463,2.2511,0.1321,2,15,0.1447,4,2.3090
0.0182,0.6545,-1.0780,2.3145,0.1299,3,15,0.1326,4,2.3076
0.0182,0.6727,-1.1097,2.3779,0.1282,2,15,0.0793,4,2.2955
0.0182,0.6909,-1.1414,2.4413,0.1269,2,15,0.0711,5,2.2855
0.0182,0.7091,-1.1731,2.5047,0.1261,2,15,0.1178,5,2.2777
0.0182,0.7273,-1.2048,2.5681,0.1255,1,14,0.1809,6,2.2721
0.0182,0.7455,-1.2365,2.6315,0.1252,2,13,0.2483,6,2.2687
0.0182,0.7636,-1.2682,2.6949,0.1250,2,13,0.3172,6,2.2675
0.0182,0.7818,-1.2999,2.7583,0.1250,2,12,0.3868,5,2.2685
0.0182,0.8000,-1.3316,2.8217,0.1251,2,12,0.4568,5,2.2717
0.0182,0.8182,-1.3633,2.8852,0.1252,2,11,0.4228,4,2.2771
0.0182,0.8364,-1.3950,2.9486,0.1253,2,13,0.3533,4,2.2848
0.0182,0.8545,-1.4267,3.0120,0.1255,2,13,0.2846,5,2.2945
0.0182,0.8727,-1.4584,3.0754,0.1259,1,13,0.2173,5,2.3065
0.0182,0.8909,-1.4901,3.1388,0.1265,2,15,0.1532,6,2.3102
0.0182,0.9091,-1.5218,3.2022,0.1273,2,15,0.0990,6,2.2965
0.0182,0.9273,-1.5535,3.2656,0.1284,2,15,0.0785,5,2.2849
0.0182,0.9455,-1.5853,3.3290,0.1299,2,15,0.1122,5,2.2754
0.0182,0.9636,-1.6170,3.3924,0.1319,3,15,0.1688,4,2.2681
0.0182,0.9818,-1.6487,3.4558,0.1345,2,15,0.1084,5,2.2630
0.0364,0.0000,0.1268,0.0634,0.1436,2,17,0.0117,5,2.2678
0.0364,0.0182,0.0951,0.1268,0.1472,2,17,0.0592,6,2.2671
0.0364,0.0364,0.0634,0.1902,0.1512,2,16,0.1301,6,2.2687
0.0364,0.0545,0.0317,0.2536,0.1555,3,14,0.2010,6,2.2725
0.0364,0.0727,-0.0000,0.3171,0.1600,3,14,0.2719,5,2.2784
0.0364,0.0909,-0.0317,0.3805,0.1644,3,14,0.3428,5,2.2866
0.0364,0.1091,-0.0634,0.4439,0.1685,3,15,0.4136,5,2.2969
0.0364,0.1273,-0.0951,0.5073,0.1720,3,14,0.4845,5,2.3094
0.0364,0.1455,-0.1268,0.5707,0.1749,3,14,0.5554,6,2.3069
0.0364,0.1636,-0.1585,0.6341,0.1770,4,14,0.5998,6,2.2937
0.0364,0.1818,-0.1902,0.6975,0.1782,4,16,0.5615,6,2.2826
0.0364,0.2000,-0.2219,0.7609,0.1786,4,16,0.5301,4,2.2737
0.0364,0.2182,-0.2536,0.8243,0.1782,4,17,0.5067,4,2.2669
0.0364,0.2364,-0.2853,0.8877,0.1774,4,18,0.4924,4,2.2624
0.0364,0.2545,-0.3171,0.9512,0.1761,4,18,0.4882,4,2.2601
0.0364,0.2727,-0.3488,1.0146,0.1747,3,18,0.4655,5,2.2600
0.0364,0.2909,-0.3805,1.0780,0.1733,4,18,0.4193,5,2.2621
0.0364,0.3091,-0.4122,1.1414,0.1720,3,18,0.3807,6,2.2665
0.0364,0.3273,-0.4439,1.2048,0.1711,3,18,0.3524,6,2.2730
0.0364,0.3455,-0.4756,1.2682,0.1705,1,17,0.3368,6,2.2818
0.0364,0.3636,-0.5073,1.3316,0.1700,3,16,0.3357,6,2.2927
0.0364,0.3818,-0.5390,1.3950,0.1695,3,16,0.3494,5,2.3057
0.0364,0.4000,-0.5707,1.4584,0.1688,3,16,0.3761,4,2.3105
0.0364,0.4182,-0.6024,1.5218,0.1678,3,16,0.4135,4,2.2979
0.0364,0.4364,-0.6341,1.5853,0.1663,3,15,0.4588,4,2.2874
0.0364,0.4545,-0.6658,1.6487,0.1642,3,15,0.4890,5,2.2790
0.0364,0.4727,-0.6975,1.7121,0.1616,3,15,0.5054,6,2.2729
0.0364,0.4909,-0.7292,1.7755,0.1583,3,13,0.4734,6,2.2689
0.0364,0.5091,-0.7609,1.8389,0.1545,3,14,0.4070,6,2.2671
0.0364,0.5273,-0.7926,1.9023,0.1503,2,12,0.3423,5,2.2676
0.0364,0.5455,-0.8243,1.9657,0.1459,2,13,0.2807,5,2.2703
0.0364,0.5636,-0.8560,2.0291,0.1415,2,13,0.2246,5,2.2752
0.0364,0.5818,-0.8877,2.0925,0.1373,1,14,0.1794,4,2.2822
0.0364,0.6000,-0.9194,2.1559,0.1334,1,14,0.1547,5,2.2915
0.0364,0.6182,-0.9512,2.2194,0.1300,1,13,0.1605,5,2.3029
0.0364,0.6364,-0.9829,2.2828,0.1272,1,14,0.1860,4,2.3143
0.0364,0.6545,-1.0146,2.3462,0.1251,1,14,0.1152,4,2.3000
0.0364,0.6727,-1.0463,2.4096,0.1236,1,16,0.0445,4,2.2879
0.0364,0.6909,-1.0780,2.4730,0.1228,1,15,0.0272,5,2.2779
0.0364,0.7091,-1.1097,2.5364,0.1224,1,15,0.0977,6,2.2700
0.0364,0.7273,-1.1414,2.5998,0.1225,1,15,0.1686,6,2.2644
0.0364,0.7455,-1.1731,2.6632,0.1229,2,14,0.2394,6,2.2610
0.0364,0.7636,-1.2048,2.7266,0.1236,2,13,0.3103,5,2.2598
0.0364,0.7818,-1.2365,2.7900,0.1246,2,13,0.3812,5,2.2608
0.0364,0.8000,-1.2682,2.8535,0.1256,2,11,0.4521,4,2.2640
0.0364,0.8182,-1.2999,2.9169,0.1267,2,11,0.4414,4,2.2695
0.0364,0.8364,-1.3316,2.9803,0.1278,2,12,0.3754,5,2.2771
0.0364,0.8545,-1.3633,3.0437,0.1290,2,13,0.3116,5,2.2870
0.0364,0.8727,-1.3950,3.1071,0.1302,2,13,0.2515,5,2.2989
0.0364,0.8909,-1.4267,3.1705,0.1314,2,15,0.1989,6,2.3130
0.0364,0.9091,-1.4584,3.2339,0.1327,2,16,0.1608,6,2.3039
0.0364,0.9273,-1.4901,3.2973,0.1341,2,16,0.1491,6,2.2924
0.0364,0.9455,-1.5218,3.3607,0.1358,2,16,0.1693,4,2.2829
0.0364,0.9636,-1.5535,3.4241,0.1379,3,16,0.1535,4,2.2757
0.0364,0.9818,-1.5853,3.4876,0.1405,3,17,0.0826,4,2.2706
0.0545,0.0000,0.1902,0.0951,0.1497,2,17,0.0726,4,2.2775
0.0545,0.0182,0.1585,0.1585,0.1529,2,17,0.0929,6,2.2769
0.0545,0.0364,0.1268,0.2219,0.1565,3,17,0.1485,6,2.2784
0.0545,0.0545,0.0951,0.2853,0.1605,3,16,0.2133,6,2.2822
0.0545,0.0727,0.0634,0.3488,0.1646,3,16,0.2811,6,2.2882
0.0545,0.0909,0.0317,0.4122,0.1687,3,14,0.3502,5,2.2963
0.0545,0.1091,-0.0000,0.4756,0.1725,3,16,0.4198,5,2.3066
0.0545,0.1273,-0.0317,0.5390,0.1758,3,15,0.4898,5,2.3168
0.0545,0.1455,-0.0634,0.6024,0.1785,4,15,0.5600,6,2.3015
0.0545,0.1636,-0.0951,0.6658,0.1803,4,15,0.6304,6,2.2883
0.0545,0.1818,-0.1268,0.7292,0.1811,4,15,0.6241,6,2.2772
0.0545,0.2000,-0.1585,0.7926,0.1811,4,16,0.5960,5,2.2682
0.0545,0.2182,-0.1902,0.8560,0.1803,4,16,0.5753,4,2.2615
0.0545,0.2364,-0.2219,0.9194,0.1787,4,18,0.5351,4,2.2569
0.0545,0.2545,-0.2536,0.9829,0.1767,3,18,0.4747,4,2.2546
0.0545,0.2727,-0.2853,1.0463,0.1745,3,18,0.4175,4,2.2545
0.0545,0.2909,-0.3171,1.1097,0.1722,4,17,0.3653,6,2.2567
0.0545,0.3091,-0.3488,1.1731,0.1700,4,18,0.3203,6,2.2610
0.0545,0.3273,-0.3805,1.2365,0.1679,3,18,0.2860,6,2.2676
0.0545,0.3455,-0.4122,1.2999,0.1663,2,17,0.2665,6,2.2763
0.0545,0.3636,-0.4439,1.3633,0.1650,3,17,0.2652,6,2.2873
0.0545,0.3818,-0.4756,1.4267,0.1638,3,17,0.2823,5,2.3003
0.0545,0.4000,-0.5073,1.4901,0.1626,3,15,0.3148,4,2.3155
0.0545,0.4182,-0.5390,1.5535,0.1612,3,15,0.3586,4,2.3075
0.0545,0.4364,-0.5707,1.6170,0.1596,3,15,0.4100,4,2.2971
0.0545,0.4545,-0.6024,1.6804,0.1575,3,14,0.4192,5,2.2887
0.0545,0.4727,-0.6341,1.7438,0.1549,3,13,0.4383,5,2.2826
0.0545,0.4909,-0.6658,1.8072,0.1519,2,13,0.4674,5,2.2787
0.0545,0.5091,-0.6975,1.8706,0.1484,2,12,0.4386,6,2.2769
0.0545,0.5273,-0.7292,1.9340,0.1445,2,12,0.3794,5,2.2774
0.0545,0.5455,-0.7609,1.9974,0.1405,2,13,0.3249,5,2.2800
0.0545,0.5636,-0.7926,2.0608,0.1366,2,13,0.2778,5,2.2849
0.0545,0.5818,-0.8243,2.1242,0.1327,1,14,0.2427,5,2.2919
0.0545,0.6000,-0.8560,2.1876,0.1291,1,14,0.2251,5,2.3012
0.0545,0.6182,-0.8877,2.2511,0.1260,1,13,0.2291,4,2.3125
0.0545,0.6364,-0.9194,2.3145,0.1234,1,14,0.2009,4,2.3089
0.0545,0.6545,-0.9512,2.3779,0.1216,1,15,0.1379,4,2.2946
0.0545,0.6727,-0.9829,2.4413,0.1205,0,14,0.0878,4,2.2825
0.0545,0.6909,-1.0146,2.5047,0.1200,0,14,0.0805,6,2.2724
0.0545,0.7091,-1.0463,2.5681,0.1202,1,14,0.1236,6,2.2646
0.0545,0.7273,-1.0780,2.6315,0.1209,2,14,0.1848,6,2.2589
0.0545,0.7455,-1.1097,2.6949,0.1220,2,13,0.2511,6,2.2555
0.0545,0.7636,-1.1414,2.7583,0.1236,2,12,0.3194,5,2.2543
0.0545,0.7818,-1.1731,2.8217,0.1254,2,12,0.3887,4,2.2553
0.0545,0.8000,-1.2048,2.8852,0.1274,2,13,0.4544,4,2.2586
0.0545,0.8182,-1.2365,2.9486,0.1295,1,11,0.4700,5,2.2640
0.0545,0.8364,-1.2682,3.0120,0.1315,2,12,0.4087,5,2.2717
0.0545,0.8545,-1.2999,3.0754,0.1335,2,12,0.3510,5,2.2815
0.0545,0.8727,-1.3316,3.1388,0.1354,2,12,0.2990,5,2.2935
0.0545,0.8909,-1.3633,3.2022,0.1373,2,14,0.2562,6,2.3076
0.0545,0.9091,-1.3950,3.2656,0.1390,2,15,0.2280,5,2.3135
0.0545,0.9273,-1.4267,3.3290,0.1407,2,16,0.2199,5,2.3020
0.0545,0.9455,-1.4584,3.3924,0.1425,2,16,0.2340,4,2.2926
0.0545,0.9636,-1.4901,3.4558,0.1445,3,17,0.1694,4,2.2854
0.0545,0.9818,-1.5218,3.5193,0.1469,3,18,0.1093,4,2.2804
0.0727,0.0000,0.2536,0.1268,0.1557,3,17,0.1430,4,2.2894
0.0727,0.0182,0.2219,0.1902,0.1584,2,17,0.1543,5,2.2888
0.0727,0.0364,0.1902,0.2536,0.1615,4,17,0.1930,6,2.2903
0.0727,0.0545,0.1585,0.3171,0.1649,4,17,0.2464,6,2.2941
0.0727,0.0727,0.1268,0.3805,0.1685,3,17,0.3070,6,2.3000
0.0727,0.0909,0.0951,0.4439,0.1721,3,18,0.3712,6,2.3081
0.0727,0.1091,0.0634,0.5073,0.1754,3,17,0.4375,5,2.3183
0.0727,0.1273,0.0317,0.5707,0.1784,4,16,0.5051,5,2.3136
0.0727,0.1455,-0.0000,0.6341,0.1806,4,15,0.5734,5,2.2983
0.0727,0.1636,-0.0317,0.6975,0.1820,4,15,0.6423,6,2.2851
0.0727,0.1818,-0.0634,0.7609,0.1825,4,15,0.6884,6,2.2739
0.0727,0.2000,-0.0951,0.8243,0.1821,4,15,0.6373,5,2.2650
0.0727,0.2182,-0.1268,0.8877,0.1807,4,16,0.5701,5,2.2582
0.0727,0.2364,-0.1585,0.9512,0.1786,4,17,0.5040,4,2.2537
0.0727,0.2545,-0.1902,1.0146,0.1760,3,18,0.4393,4,2.2514
0.0727,0.2727,-0.2219,1.0780,0.1730,3,18,0.3768,5,2.2513
0.0727,0.2909,-0.2536,1.1414,0.1698,4,17,0.3180,6,2.2534
0.0727,0.3091,-0.2853,1.2048,0.1668,4,18,0.2651,6,2.2578
0.0727,0.3273,-0.3171,1.2682,0.1639,3,17,0.2224,6,2.2643
0.0727,0.3455,-0.3488,1.3316,0.1614,2,17,0.1967,6,2.2731
0.0727,0.3636,-0.3805,1.3950,0.1593,3,17,0.1950,5,2.2841
0.0727,0.3818,-0.4122,1.4584,0.1575,2,18,0.2176,5,2.2971
0.0727,0.4000,-0.4439,1.5218,0.1559,2,17,0.2584,4,2.3123
0.0727,0.4182,-0.4756,1.5853,0.1542,2,16,0.3102,4,2.3193
0.0727,0.4364,-0.5073,1.6487,0.1524,2,15,0.3407,4,2.3089
0.0727,0.4545,-0.5390,1.7121,0.1504,2,13,0.3498,5,2.3006
0.0727,0.4727,-0.5707,1.7755,0.1480,2,13,0.3725,5,2.2945
0.0727,0.4909,-0.6024,1.8389,0.1453,2,13,0.4064,5,2.2906
0.0727,0.5091,-0.6341,1.9023,0.1423,2,11,0.4490,5,2.2888
0.0727,0.5273,-0.6658,1.9657,0.1390,2,11,0.4251,4,2.2893
0.0727,0.5455,-0.6975,2.0291,0.1356,2,12,0.3772,5,2.2919
0.0727,0.5636,-0.7292,2.0925,0.1322,1,13,0.3376,5,2.2968
0.0727,0.5818,-0.7609,2.1559,0.1289,1,13,0.3093,5,2.3038
0.0727,0.6000,-0.7926,2.2194,0.1259,1,14,0.2957,5,2.3130
0.0727,0.6182,-0.8243,2.2828,0.1232,1,14,0.2956,4,2.3221
0.0727,0.6364,-0.8560,2.3462,0.1211,1,14,0.2369,3,2.3057
0.0727,0.6545,-0.8877,2.4096,0.1196,0,14,0.1865,3,2.2914
0.0727,0.6727,-0.9194,2.4730,0.1188,0,14,0.1533,5,2.2792
0.0727,0.6909,-0.9512,2.5364,0.1188,0,14,0.1492,5,2.2692
0.0727,0.7091,-0.9829,2.5998,0.1195,0,14,0.1763,6,2.2613
0.0727,0.7273,-1.0146,2.6632,0.1208,1,14,0.2235,6,2.2557
0.0727,0.7455,-1.0463,2.7266,0.1226,1,13,0.2808,5,2.2522
0.0727,0.7636,-1.0780,2.7900,0.1249,1,14,0.3433,4,2.2510
0.0727,0.7818,-1.1097,2.8535,0.1276,1,13,0.3627,4,2.2521
0.0727,0.8000,-1.1414,2.9169,0.1304,1,13,0.3905,4,2.2553
0.0727,0.8182,-1.1731,2.9803,0.1333,2,12,0.4284,5,2.2608
0.0727,0.8364,-1.2048,3.0437,0.1361,2,11,0.4508,5,2.2685
0.0727,0.8545,-1.2365,3.1071,0.1389,2,12,0.3992,5,2.2783
0.0727,0.8727,-1.2682,3.1705,0.1415,2,13,0.3544,4,2.2903
0.0727,0.8909,-1.2999,3.2339,0.1438,2,13,0.3191,5,2.3045
0.0727,0.9091,-1.3316,3.2973,0.1459,2,15,0.2969,5,2.3207
0.0727,0.9273,-1.3633,3.3607,0.1478,2,15,0.2907,5,2.3138
0.0727,0.9455,-1.3950,3.4241,0.1496,2,17,0.2658,4,2.3045
0.0727,0.9636,-1.4267,3.4876,0.1514,2,17,0.2095,4,2.2973
0.0727,0.9818,-1.4584,3.5510,0.1534,3,18,0.1647,4,2.2923
0.0909,0.0000,0.3171,0.1585,0.1615,3,17,0.2137,4,2.3023
0.0909,0.0182,0.2853,0.2219,0.1635,2,17,0.2215,5,2.3016
0.0909,0.0364,0.2536,0.2853,0.1659,3,17,0.2499,5,2.3032
0.0909,0.0545,0.2219,0.3488,0.1685,4,18,0.2931,6,2.3069
0.0909,0.0727,0.1902,0.4122,0.1714,3,17,0.3456,6,2.3128
0.0909,0.0909,0.1585,0.4756,0.1743,3,18,0.4038,6,2.3209
0.0909,0.1091,0.1268,0.5390,0.1770,3,18,0.4655,5,2.3301
0.0909,0.1273,0.0951,0.6024,0.1794,4,17,0.5295,5,2.3126
0.0909,0.1455,0.0634,0.6658,0.1811,4,16,0.5950,5,2.2973
0.0909,0.1636,0.0317,0.7292,0.1821,4,15,0.6495,6,2.2840
0.0909,0.1818,-0.0000,0.7926,0.1822,4,15,0.6774,6,2.2729
0.0909,0.2000,-0.0317,0.8560,0.1814,4,15,0.6196,5,2.2640
0.0909,0.2182,-0.0634,0.9194,0.1796,4,15,0.5502,5,2.2572
0.0909,0.2364,-0.0951,0.9829,0.1770,3,16,0.4814,5,2.2527
0.0909,0.2545,-0.1268,1.0463,0.1738,3,17,0.4132,5,2.2503
0.0909,0.2727,-0.1585,1.1097,0.1702,3,18,0.3460,5,2.2502
0.0909,0.2909,-0.1902,1.1731,0.1664,3,16,0.2808,6,2.2524
0.0909,0.3091,-0.2219,1.2365,0.1627,4,17,0.2190,6,2.2567
0.0909,0.3273,-0.2536,1.2999,0.1592,3,17,0.1649,6,2.2633
0.0909,0.3455,-0.2853,1.3633,0.1560,2,17,0.1282,5,2.2721
0.0909,0.3636,-0.3171,1.4267,0.1533,3,17,0.1254,5,2.2830
0.0909,0.3818,-0.3488,1.4901,0.1509,3,18,0.1584,5,2.2961
0.0909,0.4000,-0.3805,1.5535,0.1489,2,17,0.2109,4,2.3113
0.0909,0.4182,-0.4122,1.6170,0.1470,2,16,0.2720,4,2.3285
0.0909,0.4364,-0.4439,1.6804,0.1452,2,15,0.2699,4,2.3216
0.0909,0.4545,-0.4756,1.7438,0.1433,2,15,0.2813,5,2.3134
0.0909,0.4727,-0.5073,1.8072,0.1413,2,13,0.3090,5,2.3073
0.0909,0.4909,-0.5390,1.8706,0.1391,2,13,0.3491,5,2.3034
0.0909,0.5091,-0.5707,1.9340,0.1366,2,12,0.3979,5,2.3017
0.0909,0.5273,-0.6024,1.9974,0.1340,2,11,0.4526,4,2.3021
0.0909,0.5455,-0.6341,2.0608,0.1314,2,12,0.4349,4,2.3048
0.0909,0.5636,-0.6658,2.1242,0.1287,1,13,0.4010,5,2.3096
0.0909,0.5818,-0.6975,2.1876,0.1261,1,13,0.3775,5,2.3166
0.0909,0.6000,-0.7292,2.2511,0.1238,1,13,0.3175,6,2.3257
0.0909,0.6182,-0.7609,2.3145,0.1218,1,13,0.2540,5,2.3211
0.0909,0.6364,-0.7926,2.3779,0.1203,1,14,0.1956,5,2.3047
0.0909,0.6545,-0.8243,2.4413,0.1193,0,14,0.1486,5,2.2904
0.0909,0.6727,-0.8560,2.5047,0.1190,0,14,0.1262,4,2.2782
0.0909,0.6909,-0.8877,2.5681,0.1193,0,14,0.1408,4,2.2682
0.0909,0.7091,-0.9194,2.6315,0.1204,1,14,0.1838,5,2.2603
0.0909,0.7273,-0.9512,2.6949,0.1222,1,15,0.2404,6,2.2547
0.0909,0.7455,-0.9829,2.7583,0.1246,1,13,0.2756,5,2.2512
0.0909,0.7636,-1.0146,2.8217,0.1275,1,14,0.2771,5,2.2500
0.0909,0.7818,-1.0463,2.8852,0.1308,1,13,0.2961,5,2.2510
0.0909,0.8000,-1.0780,2.9486,0.1343,2,13,0.3296,6,2.2543
0.0909,0.8182,-1.1097,3.0120,0.1379,2,12,0.3737,6,2.2598
0.0909,0.8364,-1.1414,3.0754,0.1415,2,11,0.4251,4,2.2674
0.0909,0.8545,-1.1731,3.1388,0.1449,2,12,0.4534,4,2.2773
0.0909,0.8727,-1.2048,3.2022,0.1480,2,13,0.4145,4,2.2893
0.0909,0.8909,-1.2365,3.2656,0.1507,2,13,0.3848,5,2.3035
0.0909,0.9091,-1.2682,3.3290,0.1531,2,13,0.3666,5,2.3197
0.0909,0.9273,-1.2999,3.3924,0.1550,2,15,0.3616,5,2.3265
0.0909,0.9455,-1.3316,3.4558,0.1567,2,16,0.3097,4,2.3172
0.0909,0.9636,-1.3633,3.5193,0.1583,2,17,0.2629,4,2.3101
0.0909,0.9818,-1.3950,3.5827,0.1598,2,17,0.2289,4,2.3051
0.1091,0.0000,0.3805,0.1902,0.1669,2,17,0.2846,4,2.2884
0.1091,0.0182,0.3488,0.2536,0.1680,2,18,0.2904,5,2.2878
0.1091,0.0364,0.3171,0.3171,0.1694,3,18,0.3127,5,2.2893
0.1091,0.0545,0.2853,0.3805,0.1712,4,19,0.3482,5,2.2931
0.1091,0.0727,0.2536,0.4439,0.1732,4,18,0.3934,5,2.2990
0.1091,0.0909,0.2219,0.5073,0.1752,3,18,0.4453,6,2.3071
0.1091,0.1091,0.1902,0.5707,0.1772,4,18,0.5019,6,2.3173
0.1091,0.1273,0.1585,0.6341,0.1789,4,18,0.5446,5,2.3138
0.1091,0.1455,0.1268,0.6975,0.1801,4,16,0.5599,5,2.2985
0.1091,0.1636,0.0951,0.7609,0.1806,4,16,0.5835,5,2.2852
0.1091,0.1818,0.0634,0.8243,0.1802,4,15,0.6144,5,2.2741
0.1091,0.2000,0.0317,0.8877,0.1790,4,15,0.6096,5,2.2652
0.1091,0.2182,-0.0000,0.9512,0.1769,3,15,0.5390,5,2.2584
0.1091,0.2364,-0.0317,1.0146,0.1740,3,14,0.4685,6,2.2539
0.1091,0.2545,-0.0634,1.0780,0.1705,3,15,0.3981,5,2.2515
0.1091,0.2727,-0.0951,1.1414,0.1665,3,14,0.3279,5,2.2514
0.1091,0.2909,-0.1268,1.2048,0.1622,3,15,0.2581,5,2.2536
0.1091,0.3091,-0.1585,1.2682,0.1579,3,17,0.1891,5,2.2579
0.1091,0.3273,-0.1902,1.3316,0.1540,3,17,0.1223,5,2.2645
0.1091,0.3455,-0.2219,1.3950,0.1503,2,17,0.0649,5,2.2733
0.1091,0.3636,-0.2536,1.4584,0.1470,2,17,0.0592,5,2.2842
0.1091,0.3818,-0.2853,1.5218,0.1443,3,17,0.1134,5,2.2973
0.1091,0.4000,-0.3171,1.5853,0.1419,2,16,0.1796,4,2.3125
0.1091,0.4182,-0.3488,1.6487,0.1400,2,16,0.2082,4,2.3183
0.1091,0.4364,-0.3805,1.7121,0.1383,2,16,0.1990,5,2.3079
0.1091,0.4545,-0.4122,1.7755,0.1366,2,15,0.2143,5,2.2996
0.1091,0.4727,-0.4439,1.8389,0.1350,2,14,0.2495,5,2.2935
0.1091,0.4909,-0.4756,1.9023,0.1333,2,13,0.2978,5,2.2896
0.1091,0.5091,-0.5073,1.9657,0.1316,2,12,0.3537,5,2.2878
0.1091,0.5273,-0.5390,2.0291,0.1298,2,11,0.4143,5,2.2883
0.1091,0.5455,-0.5707,2.0925,0.1281,2,11,0.4777,5,2.2909
0.1091,0.5636,-0.6024,2.1559,0.1263,2,12,0.4367,5,2.2958
0.1091,0.5818,-0.6341,2.2194,0.1246,2,13,0.3665,5,2.3028
0.1091,0.6000,-0.6658,2.2828,0.1231,2,12,0.2966,4,2.3119
0.1091,0.6182,-0.6975,2.3462,0.1218,2,13,0.2273,4,2.3223
0.1091,0.6364,-0.7292,2.4096,0.1210,2,14,0.1595,4,2.3059
0.1091,0.6545,-0.7609,2.4730,0.1206,1,14,0.0961,5,2.2916
0.1091,0.6727,-0.7926,2.5364,0.1208,1,14,0.0556,5,2.2794
0.1091,0.6909,-0.8243,2.5998,0.1215,0,14,0.0837,5,2.2694
0.1091,0.7091,-0.8560,2.6632,0.1229,1,15,0.1448,6,2.2615
0.1091,0.7273,-0.8877,2.7266,0.1250,1,14,0.2121,5,2.2559
0.1091,0.7455,-0.9194,2.7900,0.1279,1,13,0.2052,5,2.2524
0.1091,0.7636,-0.9512,2.8535,0.1313,1,14,0.2073,4,2.2512
0.1091,0.7818,-0.9829,2.9169,0.1350,1,14,0.2321,5,2.2522
0.1091,0.8000,-1.0146,2.9803,0.1391,2,13,0.2735,5,2.2555
0.1091,0.8182,-1.0463,3.0437,0.1432,2,12,0.3253,5,2.2610
0.1091,0.8364,-1.0780,3.1071,0.1473,2,12,0.3833,5,2.2686
0.1091,0.8545,-1.1097,3.1705,0.1512,2,12,0.4450,5,2.2785
0.1091,0.8727,-1.1414,3.2339,0.1546,3,13,0.4776,5,2.2905
0.1091,0.8909,-1.1731,3.2973,0.1576,3,13,0.4520,5,2.3046
0.1091,0.9091,-1.2048,3.3607,0.1601,3,14,0.4366,5,2.3208
0.1091,0.9273,-1.2365,3.4241,0.1621,3,15,0.4099,5,2.3128
0.1091,0.9455,-1.2682,3.4876,0.1636,3,15,0.3622,5,2.3035
0.1091,0.9636,-1.2999,3.5510,0.1648,3,15,0.3231,4,2.2963
0.1091,0.9818,-1.3316,3.6144,0.1659,3,17,0.2961,4,2.2912
0.1273,0.0000,0.4439,0.2219,0.1713,3,17,0.3554,4,2.2767
0.1273,0.0182,0.4122,0.2853,0.1715,2,18,0.3601,5,2.2760
0.1273,0.0364,0.3805,0.3488,0.1719,3,17,0.3783,5,2.2776
0.1273,0.0545,0.3488,0.4122,0.1727,3,19,0.4081,5,2.2813
0.1273,0.0727,0.3171,0.4756,0.1737,4,18,0.4473,5,2.2873
0.1273,0.0909,0.2853,0.5390,0.1748,3,18,0.4709,5,2.2954
0.1273,0.1091,0.2536,0.6024,0.1759,4,18,0.4675,5,2.3057
0.1273,0.1273,0.2219,0.6658,0.1769,4,18,0.4747,5,2.3172
0.1273,0.1455,0.1902,0.7292,0.1775,4,16,0.4922,6,2.3018
0.1273,0.1636,0.1585,0.7926,0.1775,4,16,0.5188,6,2.2886
0.1273,0.1818,0.1268,0.8560,0.1768,4,15,0.5533,5,2.2775
0.1273,0.2000,0.0951,0.9194,0.1752,3,14,0.5943,6,2.2686
0.1273,0.2182,0.0634,0.9829,0.1729,3,14,0.5370,6,2.2618
0.1273,0.2364,0.0317,1.0463,0.1698,3,14,0.4662,7,2.2573
0.1273,0.2545,-0.0000,1.1097,0.1660,3,14,0.3953,6,2.2550
0.1273,0.2727,-0.0317,1.1731,0.1618,3,14,0.3246,4,2.2549
0.1273,0.2909,-0.0634,1.2365,0.1573,3,14,0.2538,4,2.2570
0.1273,0.3091,-0.0951,1.2999,0.1528,2,14,0.1833,4,2.2614
0.1273,0.3273,-0.1268,1.3633,0.1484,2,16,0.1131,5,2.2679
0.1273,0.3455,-0.1585,1.4267,0.1445,2,16,0.0451,5,2.2767
0.1273,0.3636,-0.1902,1.4901,0.1409,2,16,0.0366,5,2.2876
0.1273,0.3818,-0.2219,1.5535,0.1379,3,16,0.1034,5,2.3007
0.1273,0.4000,-0.2536,1.6170,0.1354,3,16,0.1735,4,2.3158
0.1273,0.4182,-0.2853,1.6804,0.1335,2,16,0.1421,4,2.3067
0.1273,0.4364,-0.3171,1.7438,0.1319,2,16,0.1282,5,2.2962
0.1273,0.4545,-0.3488,1.8072,0.1307,2,16,0.1508,5,2.2879
0.1273,0.4727,-0.3805,1.8706,0.1295,2,13,0.1977,5,2.2818
0.1273,0.4909,-0.4122,1.9340,0.1285,2,12,0.2559,6,2.2778
0.1273,0.5091,-0.4439,1.9974,0.1276,1,13,0.3193,6,2.2761
0.1273,0.5273,-0.4756,2.0608,0.1267,2,12,0.3853,5,2.2765
0.1273,0.5455,-0.5073,2.1242,0.1259,2,11,0.4528,5,2.2792
0.1273,0.5636,-0.5390,2.1876,0.1251,2,13,0.4335,5,2.2841
0.1273,0.5818,-0.5707,2.2511,0.1244,2,13,0.3627,4,2.2911
0.1273,0.6000,-0.6024,2.3145,0.1237,2,13,0.2919,4,2.3003
0.1273,0.6182,-0.6341,2.3779,0.1233,2,14,0.2211,4,2.3117
0.1273,0.6364,-0.6658,2.4413,0.1232,1,15,0.1505,5,2.3093
0.1273,0.6545,-0.6975,2.5047,0.1234,1,15,0.0804,6,2.2950
0.1273,0.6727,-0.7292,2.5681,0.1240,1,15,0.0177,5,2.2828
0.1273,0.6909,-0.7609,2.6315,0.1252,1,15,0.0650,5,2.2728
0.1273,0.7091,-0.7926,2.6949,0.1269,1,15,0.1348,5,2.2649
0.1273,0.7273,-0.8243,2.7583,0.1292,1,14,0.1660,5,2.2593
0.1273,0.7455,-0.8560,2.8217,0.1322,1,14,0.1354,5,2.2559
0.1273,0.7636,-0.8877,2.8852,0.1359,1,14,0.1385,5,2.2547
0.1273,0.7818,-0.9194,2.9486,0.1399,1,14,0.1735,5,2.2557
0.1273,0.8000,-0.9512,3.0120,0.1443,2,13,0.2259,5,2.2589
0.1273,0.8182,-0.9829,3.0754,0.1487,2,12,0.2865,5,2.2644
0.1273,0.8364,-1.0146,3.1388,0.1532,3,14,0.3509,5,2.2720
0.1273,0.8545,-1.0463,3.2022,0.1573,3,13,0.4174,5,2.2819
0.1273,0.8727,-1.0780,3.2656,0.1611,3,13,0.4852,5,2.2939
0.1273,0.8909,-1.1097,3.3290,0.1642,3,15,0.5203,6,2.3080
0.1273,0.9091,-1.1414,3.3924,0.1667,3,15,0.5069,5,2.3127
0.1273,0.9273,-1.1731,3.4558,0.1686,3,15,0.4619,5,2.3012
0.1273,0.9455,-1.2048,3.5193,0.1698,3,16,0.4202,5,2.2918
0.1273,0.9636,-1.2365,3.5827,0.1706,3,16,0.3870,4,2.2846
0.1273,0.9818,-1.2682,3.6461,0.1710,3,16,0.3647,4,2.2795
0.1455,0.0000,0.5073,0.2536,0.1746,4,17,0.4263,4,2.2671
0.1455,0.0182,0.4756,0.3171,0.1740,3,17,0.4302,5,2.2664
0.1455,0.0364,0.4439,0.3805,0.1734,4,17,0.4455,5,2.2680
0.1455,0.0545,0.4122,0.4439,0.1729,3,19,0.4439,5,2.2718
0.1455,0.0727,0.3805,0.5073,0.1729,3,18,0.4168,5,2.2778
0.1455,0.0909,0.3488,0.5707,0.1731,3,17,0.4006,6,2.2859
0.1455,0.1091,0.3171,0.6341,0.1734,4,17,0.3966,6,2.2963
0.1455,0.1273,0.2853,0.6975,0.1735,4,16,0.4051,6,2.3087
0.1455,0.1455,0.2536,0.7609,0.1735,4,16,0.4255,5,2.3074
0.1455,0.1636,0.2219,0.8243,0.1730,3,16,0.4560,4,2.2942
0.1455,0.1818,0.1902,0.8877,0.1719,3,15,0.4949,4,2.2831
0.1455,0.2000,0.1585,0.9512,0.1701,3,15,0.5404,4,2.2742
0.1455,0.2182,0.1268,1.0146,0.1677,3,14,0.5443,6,2.2675
0.1455,0.2364,0.0951,1.0780,0.1645,3,14,0.4745,6,2.2629
0.1455,0.2545,0.0634,1.1414,0.1607,3,14,0.4052,6,2.2606
0.1455,0.2727,0.0317,1.2048,0.1564,3,14,0.3365,5,2.2605
0.1455,0.2909,-0.0000,1.2682,0.1519,3,14,0.2689,5,2.2627
0.1455,0.3091,-0.0317,1.3316,0.1473,2,14,0.2036,4,2.2670
0.1455,0.3273,-0.0634,1.3950,0.1429,1,14,0.1437,4,2.2736
0.1455,0.3455,-0.0951,1.4584,0.1388,1,14,0.0996,5,2.2823
0.1455,0.3636,-0.1268,1.5218,0.1352,1,14,0.0960,5,2.2932
0.1455,0.3818,-0.1585,1.5853,0.1321,2,15,0.1363,4,2.3062
0.1455,0.4000,-0.1902,1.6487,0.1297,3,15,0.1445,4,2.3098
0.1455,0.4182,-0.2219,1.7121,0.1279,2,15,0.0842,4,2.2972
0.1455,0.4364,-0.2536,1.7755,0.1266,2,15,0.0577,5,2.2867
0.1455,0.4545,-0.2853,1.8389,0.1257,2,15,0.0981,5,2.2784
0.1455,0.4727,-0.3171,1.9023,0.1252,1,15,0.1612,6,2.2722
0.1455,0.4909,-0.3488,1.9657,0.1249,2,13,0.2289,6,2.2682
0.1455,0.5091,-0.3805,2.0291,0.1247,2,13,0.2981,6,2.2665
0.1455,0.5273,-0.4122,2.0925,0.1249,2,13,0.3679,5,2.2669
0.1455,0.5455,-0.4439,2.1559,0.1250,2,12,0.4381,5,2.2696
0.1455,0.5636,-0.4756,2.2194,0.1253,2,11,0.4418,4,2.2745
0.1455,0.5818,-0.5073,2.2828,0.1255,2,12,0.3726,4,2.2816
0.1455,0.6000,-0.5390,2.3462,0.1258,2,13,0.3041,5,2.2908
0.1455,0.6182,-0.5707,2.4096,0.1263,1,13,0.2370,5,2.3022
0.1455,0.6364,-0.6024,2.4730,0.1269,2,15,0.1730,6,2.3148
0.1455,0.6545,-0.6341,2.5364,0.1277,2,14,0.1172,6,2.3005
0.1455,0.6727,-0.6658,2.5998,0.1287,2,15,0.0871,6,2.2884
0.1455,0.6909,-0.6975,2.6632,0.1301,2,15,0.1072,5,2.2784
0.1455,0.7091,-0.7292,2.7266,0.1320,3,15,0.1595,4,2.2706
0.1455,0.7273,-0.7609,2.7900,0.1345,2,15,0.1176,4,2.2649
0.1455,0.7455,-0.7926,2.8535,0.1376,2,15,0.0680,5,2.2615
0.1455,0.7636,-0.8243,2.9169,0.1412,1,14,0.0740,5,2.2603
0.1455,0.7818,-0.8560,2.9803,0.1453,2,15,0.1280,6,2.2613
0.1455,0.8000,-0.8877,3.0437,0.1497,2,14,0.1932,6,2.2646
0.1455,0.8182,-0.9194,3.1071,0.1543,3,14,0.2614,5,2.2700
0.1455,0.8364,-0.9512,3.1705,0.1588,3,14,0.3308,5,2.2777
0.1455,0.8545,-0.9829,3.2339,0.1631,3,14,0.4006,5,2.2875
0.1455,0.8727,-1.0146,3.2973,0.1669,3,14,0.4708,5,2.2994
0.1455,0.8909,-1.0463,3.3607,0.1700,3,14,0.5412,6,2.3135
0.1455,0.9091,-1.0780,3.4241,0.1725,3,15,0.5618,6,2.3033
0.1455,0.9273,-1.1097,3.4876,0.1741,3,15,0.5184,6,2.2917
0.1455,0.9455,-1.1414,3.5510,0.1750,4,15,0.4816,5,2.2823
0.1455,0.9636,-1.1731,3.6144,0.1753,4,15,0.4529,4,2.2750
0.1455,0.9818,-1.2048,3.6778,0.1751,4,17,0.4340,4,2.2699
0.1636,0.0000,0.5707,0.2853,0.1766,4,18,0.4971,4,2.2597
0.1636,0.0182,0.5390,0.3488,0.1751,3,18,0.4719,4,2.2590
0.1636,0.0364,0.5073,0.4122,0.1736,4,18,0.4234,5,2.2606
0.1636,0.0545,0.4756,0.4756,0.1722,3,19,0.3820,6,2.2644
0.1636,0.0727,0.4439,0.5390,0.1709,3,18,0.3501,6,2.2704
0.1636,0.0909,0.4122,0.6024,0.1702,2,18,0.3306,6,2.2786
0.1636,0.1091,0.3805,0.6658,0.1696,3,16,0.3257,6,2.2889
0.1636,0.1273,0.3488,0.7292,0.1690,3,16,0.3361,6,2.3014
0.1636,0.1455,0.3171,0.7926,0.1683,3,16,0.3603,4,2.3151
0.1636,0.1636,0.2853,0.8560,0.1673,3,16,0.3960,4,2.3019
0.1636,0.1818,0.2536,0.9194,0.1659,3,15,0.4402,4,2.2909
0.1636,0.2000,0.2219,0.9829,0.1640,3,15,0.4776,4,2.2820
0.1636,0.2182,0.1902,1.0463,0.1615,3,15,0.4919,5,2.2753
0.1636,0.2364,0.1585,1.1097,0.1584,3,13,0.4931,6,2.2708
0.1636,0.2545,0.1268,1.1731,0.1547,3,12,0.4267,6,2.2685
0.1636,0.2727,0.0951,1.2365,0.1506,2,12,0.3621,5,2.2684
0.1636,0.2909,0.0634,1.2999,0.1463,2,12,0.3004,5,2.2705
0.1636,0.3091,0.0317,1.3633,0.1420,2,13,0.2437,5,2.2748
0.1636,0.3273,-0.0000,1.4267,0.1377,1,14,0.1965,5,2.2814
0.1636,0.3455,-0.0317,1.4901,0.1338,1,14,0.1669,4,2.2901
0.1636,0.3636,-0.0634,1.5535,0.1302,1,14,0.1648,5,2.3009
0.1636,0.3818,-0.0951,1.6170,0.1272,1,14,0.1911,4,2.3139
0.1636,0.4000,-0.1268,1.6804,0.1250,1,14,0.1335,4,2.3026
0.1636,0.4182,-0.1585,1.7438,0.1235,1,15,0.0634,4,2.2899
0.1636,0.4364,-0.1902,1.8072,0.1225,1,15,0.0165,4,2.2794
0.1636,0.4545,-0.2219,1.8706,0.1221,1,15,0.0811,6,2.2710
0.1636,0.4727,-0.2536,1.9340,0.1221,1,15,0.1514,6,2.2648
0.1636,0.4909,-0.2853,1.9974,0.1225,2,14,0.2221,6,2.2608
0.1636,0.5091,-0.3171,2.0608,0.1233,2,13,0.2929,6,2.2591
0.1636,0.5273,-0.3488,2.1242,0.1243,2,13,0.3637,5,2.2595
0.1636,0.5455,-0.3805,2.1876,0.1255,2,13,0.4346,4,2.2622
0.1636,0.5636,-0.4122,2.2511,0.1267,2,11,0.4610,4,2.2671
0.1636,0.5818,-0.4439,2.3145,0.1279,2,11,0.3952,5,2.2742
0.1636,0.6000,-0.4756,2.3779,0.1292,2,12,0.3314,5,2.2835
0.1636,0.6182,-0.5073,2.4413,0.1304,2,13,0.2711,5,2.2949
0.1636,0.6364,-0.5390,2.5047,0.1317,2,13,0.2174,6,2.3085
0.1636,0.6545,-0.5707,2.5681,0.1331,2,16,0.1762,6,2.3082
0.1636,0.6727,-0.6024,2.6315,0.1345,2,16,0.1578,6,2.2961
0.1636,0.6909,-0.6341,2.6949,0.1362,2,16,0.1698,4,2.2862
0.1636,0.7091,-0.6658,2.7583,0.1381,3,16,0.1715,4,2.2784
0.1636,0.7273,-0.6975,2.8217,0.1406,3,16,0.1008,4,2.2728
0.1636,0.7455,-0.7292,2.8852,0.1435,2,17,0.0310,5,2.2694
0.1636,0.7636,-0.7609,2.9486,0.1469,2,17,0.0425,6,2.2682
0.1636,0.7818,-0.7926,3.0120,0.1508,2,17,0.1128,6,2.2692
0.1636,0.8000,-0.8243,3.0754,0.1550,3,15,0.1835,6,2.2724
0.1636,0.8182,-0.8560,3.1388,0.1595,3,14,0.2543,6,2.2778
0.1636,0.8364,-0.8877,3.2022,0.1639,3,14,0.3252,5,2.2855
0.1636,0.8545,-0.9194,3.2656,0.1681,3,15,0.3960,5,2.2952
0.1636,0.8727,-0.9512,3.3290,0.1717,3,14,0.4669,5,2.3072
0.1636,0.8909,-0.9829,3.3924,0.1748,3,14,0.5378,6,2.3097
0.1636,0.9091,-1.0146,3.4558,0.1770,3,15,0.6087,6,2.2960
0.1636,0.9273,-1.0463,3.5193,0.1784,4,16,0.5781,6,2.2844
0.1636,0.9455,-1.0780,3.5827,0.1789,4,16,0.5453,6,2.2749
0.1636,0.9636,-1.1097,3.6461,0.1787,4,17,0.5202,4,2.2676
0.1636,0.9818,-1.1414,3.7095,0.1779,4,18,0.5038,4,2.2625
0.1818,0.0000,0.6341,0.3171,0.1773,3,18,0.4848,4,2.2545
0.1818,0.0182,0.6024,0.3805,0.1750,3,18,0.4261,4,2.2538
0.1818,0.0364,0.5707,0.4439,0.1726,4,18,0.3717,6,2.2554
0.1818,0.0545,0.5390,0.5073,0.1702,4,19,0.3237,6,2.2592
0.1818,0.0727,0.5073,0.5707,0.1680,3,18,0.2854,6,2.2652
0.1818,0.0909,0.4756,0.6341,0.1661,2,17,0.2611,6,2.2734
0.1818,0.1091,0.4439,0.6975,0.1647,3,17,0.2549,6,2.2838
0.1818,0.1273,0.4122,0.7609,0.1634,2,17,0.2680,5,2.2963
0.1818,0.1455,0.3805,0.8243,0.1621,3,16,0.2979,4,2.3110
0.1818,0.1636,0.3488,0.8877,0.1607,3,15,0.3401,4,2.3118
0.1818,0.1818,0.3171,0.9512,0.1591,3,15,0.3907,4,2.3008
0.1818,0.2000,0.2853,1.0146,0.1571,3,14,0.4074,5,2.2920
0.1818,0.2182,0.2536,1.0780,0.1547,3,13,0.4241,5,2.2853
0.1818,0.2364,0.2219,1.1414,0.1518,2,13,0.4513,5,2.2808
0.1818,0.2545,0.1902,1.2048,0.1485,2,12,0.4584,6,2.2785
0.1818,0.2727,0.1585,1.2682,0.1448,2,12,0.3989,5,2.2784
0.1818,0.2909,0.1268,1.3316,0.1409,2,12,0.3438,5,2.2805
0.1818,0.3091,0.0951,1.3950,0.1369,2,13,0.2956,5,2.2848
0.1818,0.3273,0.0634,1.4584,0.1331,1,13,0.2580,5,2.2913
0.1818,0.3455,0.0317,1.5218,0.1295,1,14,0.2363,5,2.3000
0.1818,0.3636,-0.0000,1.5853,0.1263,1,13,0.2348,4,2.3108
0.1818,0.3818,-0.0317,1.6487,0.1236,1,14,0.2206,4,2.3123
0.1818,0.4000,-0.0634,1.7121,0.1216,1,15,0.1575,4,2.2975
0.1818,0.4182,-0.0951,1.7755,0.1204,0,14,0.1050,4,2.2848
0.1818,0.4364,-0.1268,1.8389,0.1198,0,14,0.0852,5,2.2742
0.1818,0.4545,-0.1585,1.9023,0.1199,1,14,0.1165,6,2.2658
0.1818,0.4727,-0.1902,1.9657,0.1205,2,14,0.1730,6,2.2596
0.1818,0.4909,-0.2219,2.0291,0.1216,2,13,0.2373,6,2.2556
0.1818,0.5091,-0.2536,2.0925,0.1232,2,12,0.3046,5,2.2539
0.1818,0.5273,-0.2853,2.1559,0.1251,2,12,0.3732,4,2.2543
0.1818,0.5455,-0.3171,2.2194,0.1272,2,13,0.4393,4,2.2570
0.1818,0.5636,-0.3488,2.2828,0.1293,1,11,0.4706,5,2.2619
0.1818,0.5818,-0.3805,2.3462,0.1315,2,11,0.4284,5,2.2690
0.1818,0.6000,-0.4122,2.4096,0.1336,2,12,0.3704,5,2.2784
0.1818,0.6182,-0.4439,2.4730,0.1357,2,12,0.3176,5,2.2898
0.1818,0.6364,-0.4756,2.5364,0.1376,2,14,0.2732,6,2.3034
0.1818,0.6545,-0.5073,2.5998,0.1394,2,15,0.2417,5,2.3181
0.1818,0.6727,-0.5390,2.6632,0.1411,2,16,0.2287,5,2.3061
0.1818,0.6909,-0.5707,2.7266,0.1429,2,16,0.2371,4,2.2961
0.1818,0.7091,-0.6024,2.7900,0.1448,2,17,0.1892,4,2.2884
0.1818,0.7273,-0.6341,2.8535,0.1471,3,18,0.1286,4,2.2828
0.1818,0.7455,-0.6658,2.9169,0.1497,2,17,0.0857,4,2.2794
0.1818,0.7636,-0.6975,2.9803,0.1528,2,17,0.0905,6,2.2782
0.1818,0.7818,-0.7292,3.0437,0.1563,3,17,0.1382,6,2.2792
0.1818,0.8000,-0.7609,3.1071,0.1601,3,17,0.2001,6,2.2824
0.1818,0.8182,-0.7926,3.1705,0.1641,3,16,0.2666,6,2.2878
0.1818,0.8364,-0.8243,3.2339,0.1682,3,14,0.3348,5,2.2954
0.1818,0.8545,-0.8560,3.2973,0.1721,3,16,0.4040,5,2.3052
0.1818,0.8727,-0.8877,3.3607,0.1755,3,16,0.4737,5,2.3170
0.1818,0.8909,-0.9194,3.4241,0.1782,4,15,0.5437,5,2.3046
0.1818,0.9091,-0.9512,3.4876,0.1802,4,15,0.6139,6,2.2909
0.1818,0.9273,-0.9829,3.5510,0.1813,4,15,0.6401,6,2.2792
0.1818,0.9455,-1.0146,3.6144,0.1814,4,16,0.6106,5,2.2697
0.1818,0.9636,-1.0463,3.6778,0.1807,4,16,0.5883,5,2.2624
0.1818,0.9818,-1.0780,3.7412,0.1792,4,18,0.5464,4,2.2573
0.2000,0.0000,0.6975,0.3488,0.1765,3,18,0.4516,4,2.2515
0.2000,0.0182,0.6658,0.4122,0.1735,3,18,0.3879,5,2.2508
0.2000,0.0364,0.6341,0.4756,0.1703,3,17,0.3272,6,2.2524
0.2000,0.0545,0.6024,0.5390,0.1671,4,18,0.2715,6,2.2562
0.2000,0.0727,0.5707,0.6024,0.1641,3,17,0.2245,6,2.2622
0.2000,0.0909,0.5390,0.6658,0.1614,2,17,0.1927,6,2.2705
0.2000,0.1091,0.5073,0.7292,0.1591,3,17,0.1841,5,2.2809
0.2000,0.1273,0.4756,0.7926,0.1572,3,17,0.2019,5,2.2934
0.2000,0.1455,0.4439,0.8560,0.1554,2,17,0.2401,4,2.3081
0.2000,0.1636,0.4122,0.9194,0.1537,2,17,0.2908,4,2.3238
0.2000,0.1818,0.3805,0.9829,0.1520,2,16,0.3319,4,2.3129
0.2000,0.2000,0.3488,1.0463,0.1500,2,13,0.3375,5,2.3041
0.2000,0.2182,0.3171,1.1097,0.1478,2,13,0.3574,5,2.2975
0.2000,0.2364,0.2853,1.1731,0.1452,2,13,0.3894,5,2.2930
0.2000,0.2545,0.2536,1.2365,0.1423,2,12,0.4308,5,2.2907
0.2000,0.2727,0.2219,1.2999,0.1391,2,11,0.4440,4,2.2906
0.2000,0.2909,0.1902,1.3633,0.1358,2,12,0.3953,5,2.2927
0.2000,0.3091,0.1585,1.4267,0.1325,1,13,0.3541,5,2.2970
0.2000,0.3273,0.1268,1.4901,0.1293,1,13,0.3234,5,2.3035
0.2000,0.3455,0.0951,1.5535,0.1262,1,14,0.3064,5,2.3121
0.2000,0.3636,0.0634,1.6170,0.1235,1,14,0.3035,4,2.3228
0.2000,0.3818,0.0317,1.6804,0.1214,1,14,0.2517,3,2.3094
0.2000,0.4000,-0.0000,1.7438,0.1198,1,14,0.2046,3,2.2946
0.2000,0.4182,-0.0317,1.8072,0.1189,0,14,0.1675,5,2.2818
0.2000,0.4364,-0.0634,1.8706,0.1187,0,14,0.1559,5,2.2713
0.2000,0.4545,-0.0951,1.9340,0.1193,0,14,0.1750,6,2.2628
0.2000,0.4727,-0.1268,1.9974,0.1205,1,14,0.2167,6,2.2566
0.2000,0.4909,-0.1585,2.0608,0.1222,1,13,0.2709,5,2.2526
0.2000,0.5091,-0.1902,2.1242,0.1245,1,13,0.3314,4,2.2509
0.2000,0.5273,-0.2219,2.1876,0.1272,1,13,0.3491,4,2.2513
0.2000,0.5455,-0.2536,2.2511,0.1301,1,13,0.3746,4,2.2540
0.2000,0.5636,-0.2853,2.3145,0.1331,2,12,0.4108,5,2.2590
0.2000,0.5818,-0.3171,2.3779,0.1360,2,11,0.4553,5,2.2661
0.2000,0.6000,-0.3488,2.4413,0.1390,2,12,0.4179,5,2.2754
0.2000,0.6182,-0.3805,2.5047,0.1417,2,13,0.3719,4,2.2869
0.2000,0.6364,-0.4122,2.5681,0.1441,2,13,0.3347,5,2.3005
0.2000,0.6545,-0.4439,2.6315,0.1463,2,13,0.3096,5,2.3162
0.2000,0.6727,-0.4756,2.6949,0.1482,2,15,0.2995,5,2.3181
0.2000,0.6909,-0.5073,2.7583,0.1501,2,17,0.2856,5,2.3082
0.2000,0.7091,-0.5390,2.8217,0.1518,2,17,0.2286,4,2.3005
0.2000,0.7273,-0.5707,2.8852,0.1537,3,18,0.1816,4,2.2950
0.2000,0.7455,-0.6024,2.9486,0.1558,3,17,0.1542,4,2.2916
0.2000,0.7636,-0.6341,3.0120,0.1584,2,17,0.1570,5,2.2904
0.2000,0.7818,-0.6658,3.0754,0.1613,3,17,0.1885,6,2.2914
0.2000,0.8000,-0.6975,3.1388,0.1645,4,17,0.2377,6,2.2946
0.2000,0.8182,-0.7292,3.2022,0.1680,3,17,0.2958,6,2.3000
0.2000,0.8364,-0.7609,3.2656,0.1716,3,18,0.3586,6,2.3075
0.2000,0.8545,-0.7926,3.3290,0.1749,3,17,0.4239,5,2.3172
0.2000,0.8727,-0.8243,3.3924,0.1779,3,17,0.4907,5,2.3176
0.2000,0.8909,-0.8560,3.4558,0.1803,4,15,0.5586,5,2.3017
0.2000,0.9091,-0.8877,3.5193,0.1819,4,15,0.6272,6,2.2879
0.2000,0.9273,-0.9194,3.5827,0.1826,4,15,0.6962,6,2.2763
0.2000,0.9455,-0.9512,3.6461,0.1823,4,15,0.6517,5,2.2668
0.2000,0.9636,-0.9829,3.7095,0.1811,4,15,0.5840,5,2.2595
0.2000,0.9818,-1.0146,3.7729,0.1791,4,17,0.5172,4,2.2544
0.2182,0.0000,0.7609,0.3805,0.1743,3,16,0.4277,5,2.2507
0.2182,0.0182,0.7292,0.4439,0.1707,3,17,0.3598,5,2.2501
0.2182,0.0364,0.6975,0.5073,0.1669,3,16,0.2933,5,2.2517
0.2182,0.0545,0.6658,0.5707,0.1631,4,17,0.2295,6,2.2555
0.2182,0.0727,0.6341,0.6341,0.1594,4,17,0.1713,6,2.2615
0.2182,0.0909,0.6024,0.6975,0.1561,2,17,0.1269,5,2.2697
0.2182,0.1091,0.5707,0.7609,0.1532,2,17,0.1135,5,2.2801
0.2182,0.1273,0.5390,0.8243,0.1506,3,18,0.1405,5,2.2927
0.2182,0.1455,0.5073,0.8877,0.1485,2,17,0.1914,4,2.3073
0.2182,0.1636,0.4756,0.9512,0.1466,2,17,0.2521,4,2.3241
0.2182,0.1818,0.4439,1.0146,0.1448,2,16,0.2610,4,2.3222
0.2182,0.2000,0.4122,1.0780,0.1429,2,15,0.2682,5,2.3134
0.2182,0.2182,0.3805,1.1414,0.1410,2,14,0.2928,5,2.3068
0.2182,0.2364,0.3488,1.2048,0.1389,2,13,0.3311,5,2.3023
0.2182,0.2545,0.3171,1.2682,0.1365,2,12,0.3789,5,2.3001
0.2182,0.2727,0.2853,1.3316,0.1340,2,11,0.4331,4,2.3000
0.2182,0.2909,0.2536,1.3950,0.1315,2,11,0.4521,4,2.3021
0.2182,0.3091,0.2219,1.4584,0.1290,1,13,0.4165,5,2.3063
0.2182,0.3273,0.1902,1.5218,0.1265,1,13,0.3908,5,2.3128
0.2182,0.3455,0.1585,1.5853,0.1242,1,12,0.3306,5,2.3214
0.2182,0.3636,0.1268,1.6487,0.1221,1,13,0.2655,4,2.3256
0.2182,0.3818,0.0951,1.7121,0.1206,1,14,0.2043,4,2.3087
0.2182,0.4000,0.0634,1.7755,0.1196,0,14,0.1517,3,2.2938
0.2182,0.4182,0.0317,1.8389,0.1191,0,14,0.1199,4,2.2811
0.2182,0.4364,-0.0000,1.9023,0.1193,0,14,0.1255,4,2.2705
0.2182,0.4545,-0.0317,1.9657,0.1203,0,14,0.1649,6,2.2621
0.2182,0.4727,-0.0634,2.0291,0.1220,1,15,0.2207,6,2.2559
0.2182,0.4909,-0.0951,2.0925,0.1243,1,13,0.2693,5,2.2519
0.2182,0.5091,-0.1268,2.1559,0.1271,1,14,0.2662,5,2.2501
0.2182,0.5273,-0.1585,2.2194,0.1304,1,13,0.2815,5,2.2506
0.2182,0.5455,-0.1902,2.2828,0.1340,1,13,0.3125,6,2.2533
0.2182,0.5636,-0.2219,2.3462,0.1376,2,12,0.3552,5,2.2582
0.2182,0.5818,-0.2536,2.4096,0.1413,2,12,0.4059,5,2.2653
0.2182,0.6000,-0.2853,2.4730,0.1449,2,11,0.4619,4,2.2747
0.2182,0.6182,-0.3171,2.5364,0.1481,2,13,0.4310,4,2.2861
0.2182,0.6364,-0.3488,2.5998,0.1510,2,13,0.3994,5,2.2998
0.2182,0.6545,-0.3805,2.6632,0.1534,2,13,0.3786,5,2.3155
0.2182,0.6727,-0.4122,2.7266,0.1555,2,15,0.3704,5,2.3273
0.2182,0.6909,-0.4439,2.7900,0.1572,2,16,0.3287,5,2.3175
0.2182,0.7091,-0.4756,2.8535,0.1587,2,17,0.2806,4,2.3098
0.2182,0.7273,-0.5073,2.9169,0.1603,2,18,0.2439,4,2.3043
0.2182,0.7455,-0.5390,2.9803,0.1618,3,17,0.2242,4,2.3009
0.2182,0.7636,-0.5707,3.0437,0.1636,2,17,0.2261,5,2.2997
0.2182,0.7818,-0.6024,3.1071,0.1658,3,17,0.2491,5,2.3007
0.2182,0.8000,-0.6341,3.1705,0.1683,4,18,0.2881,5,2.3039
0.2182,0.8182,-0.6658,3.2339,0.1710,4,17,0.3376,6,2.3093
0.2182,0.8364,-0.6975,3.2973,0.1738,3,18,0.3938,6,2.3168
0.2182,0.8545,-0.7292,3.3607,0.1765,3,18,0.4541,6,2.3265
0.2182,0.8727,-0.7609,3.4241,0.1789,4,17,0.5170,5,2.3168
0.2182,0.8909,-0.7926,3.4876,0.1807,4,16,0.5818,5,2.3010
0.2182,0.9091,-0.8243,3.5510,0.1819,4,15,0.6351,5,2.2872
0.2182,0.9273,-0.8560,3.6144,0.1821,4,15,0.6617,6,2.2755
0.2182,0.9455,-0.8877,3.6778,0.1815,4,15,0.6353,5,2.2660
0.2182,0.9636,-0.9194,3.7412,0.1799,4,15,0.5657,5,2.2587
0.2182,0.9818,-0.9512,3.8046,0.1774,3,15,0.4964,5,2.2536
0.2364,0.0000,0.8243,0.4122,0.1709,3,15,0.4147,5,2.2522
0.2364,0.0182,0.7926,0.4756,0.1670,3,14,0.3442,5,2.2516
0.2364,0.0364,0.7609,0.5390,0.1627,3,14,0.2740,5,2.2531
0.2364,0.0545,0.7292,0.6024,0.1584,3,16,0.2042,5,2.2570
0.2364,0.0727,0.6975,0.6658,0.1543,3,17,0.1356,5,2.2630
0.2364,0.0909,0.6658,0.7292,0.1505,2,17,0.0716,5,2.2712
0.2364,0.1091,0.6341,0.7926,0.1470,2,17,0.0438,5,2.2816
0.2364,0.1273,0.6024,0.8560,0.1441,3,18,0.0936,5,2.2941
0.2364,0.1455,0.5707,0.9194,0.1416,3,16,0.1602,4,2.3088
0.2364,0.1636,0.5390,0.9829,0.1396,2,16,0.2060,4,2.3196
0.2364,0.1818,0.5073,1.0463,0.1378,2,16,0.1902,4,2.3087
0.2364,0.2000,0.4756,1.1097,0.1362,2,16,0.1999,5,2.2999
0.2364,0.2182,0.4439,1.1731,0.1347,2,14,0.2319,5,2.2932
0.2364,0.2364,0.4122,1.2365,0.1331,2,13,0.2787,5,2.2887
0.2364,0.2545,0.3805,1.2999,0.1315,2,12,0.3341,5,2.2865
0.2364,0.2727,0.3488,1.3633,0.1298,2,12,0.3945,5,2.2864
0.2364,0.2909,0.3171,1.4267,0.1281,2,11,0.4579,5,2.2885
0.2364,0.3091,0.2853,1.4901,0.1265,2,12,0.4533,5,2.2928
0.2364,0.3273,0.2536,1.5535,0.1249,2,13,0.3829,5,2.2992
0.2364,0.3455,0.2219,1.6170,0.1234,2,12,0.3126,4,2.3079
0.2364,0.3636,0.1902,1.6804,0.1222,2,13,0.2427,4,2.3187
0.2364,0.3818,0.1585,1.7438,0.1213,2,14,0.1737,4,2.3101
0.2364,0.4000,0.1268,1.8072,0.1209,1,14,0.1070,6,2.2953
0.2364,0.4182,0.0951,1.8706,0.1210,1,14,0.0528,5,2.2826
0.2364,0.4364,0.0634,1.9340,0.1216,0,14,0.0647,5,2.2720
0.2364,0.4545,0.0317,1.9974,0.1229,1,15,0.1250,5,2.2636
0.2364,0.4727,-0.0000,2.0608,0.1248,1,14,0.1927,6,2.2574
0.2364,0.4909,-0.0317,2.1242,0.1276,1,13,0.1999,5,2.2534
0.2364,0.5091,-0.0634,2.1876,0.1309,1,14,0.1957,4,2.2516
0.2364,0.5273,-0.0951,2.2511,0.1346,1,14,0.2160,4,2.2521
0.2364,0.5455,-0.1268,2.3145,0.1386,2,13,0.2552,5,2.2548
0.2364,0.5636,-0.1585,2.3779,0.1428,2,13,0.3060,5,2.2597
0.2364,0.5818,-0.1902,2.4413,0.1470,2,12,0.3635,5,2.2668
0.2364,0.6000,-0.2219,2.5047,0.1510,2,12,0.4252,5,2.2761
0.2364,0.6182,-0.2536,2.5681,0.1546,3,12,0.4893,5,2.2876
0.2364,0.6364,-0.2853,2.6315,0.1578,3,13,0.4659,5,2.3012
0.2364,0.6545,-0.3171,2.6949,0.1604,3,14,0.4482,5,2.3169
0.2364,0.6727,-0.3488,2.7583,0.1625,3,14,0.4289,5,2.3139
0.2364,0.6909,-0.3805,2.8217,0.1641,3,15,0.3802,5,2.3040
0.2364,0.7091,-0.4122,2.8852,0.1653,3,15,0.3395,4,2.2963
0.2364,0.7273,-0.4439,2.9486,0.1663,3,15,0.3099,4,2.2907
0.2364,0.7455,-0.4756,3.0120,0.1672,2,17,0.2946,4,2.2873
0.2364,0.7636,-0.5073,3.0754,0.1682,2,18,0.2961,5,2.2861
0.2364,0.7818,-0.5390,3.1388,0.1694,3,18,0.3140,5,2.2871
0.2364,0.8000,-0.5707,3.2022,0.1710,3,18,0.3457,5,2.2903
0.2364,0.8182,-0.6024,3.2656,0.1728,4,18,0.3880,5,2.2957
0.2364,0.8364,-0.6341,3.3290,0.1748,3,18,0.4377,6,2.3033
0.2364,0.8545,-0.6658,3.3924,0.1767,3,18,0.4927,6,2.3130
0.2364,0.8727,-0.6975,3.4558,0.1784,4,18,0.5334,5,2.3183
0.2364,0.8909,-0.7292,3.5193,0.1796,4,16,0.5467,5,2.3024
0.2364,0.9091,-0.7609,3.5827,0.1802,4,15,0.5686,5,2.2886
0.2364,0.9273,-0.7926,3.6461,0.1801,4,15,0.5982,5,2.2770
0.2364,0.9455,-0.8243,3.7095,0.1790,4,15,0.6266,5,2.2675
0.2364,0.9636,-0.8560,3.7729,0.1771,3,15,0.5559,5,2.2602
0.2364,0.9818,-0.8877,3.8363,0.1744,3,14,0.4853,6,2.2551
0.2545,0.0000,0.8877,0.4439,0.1664,3,15,0.4136,6,2.2559
0.2545,0.0182,0.8560,0.5073,0.1622,3,14,0.3429,4,2.2553
0.2545,0.0364,0.8243,0.5707,0.1578,3,13,0.2723,4,2.2569
0.2545,0.0545,0.7926,0.6341,0.1532,3,14,0.2020,4,2.2607
0.2545,0.0727,0.7609,0.6975,0.1488,2,15,0.1322,5,2.2667
0.2545,0.0909,0.7292,0.7609,0.1447,1,16,0.0649,5,2.2749
0.2545,0.1091,0.6975,0.8243,0.1410,2,15,0.0317,5,2.2853
0.2545,0.1273,0.6658,0.8877,0.1379,2,16,0.0886,5,2.2978
0.2545,0.1455,0.6341,0.9512,0.1352,3,16,0.1573,4,2.3124
0.2545,0.1636,0.6024,1.0146,0.1332,2,16,0.1432,4,2.3083
0.2545,0.1818,0.5707,1.0780,0.1316,2,16,0.1194,4,2.2973
0.2545,0.2000,0.5390,1.1414,0.1303,2,16,0.1343,5,2.2885
0.2545,0.2182,0.5073,1.2048,0.1292,2,15,0.1785,5,2.2818
0.2545,0.2364,0.4756,1.2682,0.1282,2,12,0.2362,6,2.2773
0.2545,0.2545,0.4439,1.3316,0.1274,2,13,0.2995,6,2.2750
0.2545,0.2727,0.4122,1.3950,0.1266,2,12,0.3657,5,2.2749
0.2545,0.2909,0.3805,1.4584,0.1259,2,11,0.4333,5,2.2770
0.2545,0.3091,0.3488,1.5218,0.1252,2,12,0.4516,5,2.2813
0.2545,0.3273,0.3171,1.5853,0.1246,2,13,0.3809,4,2.2878
0.2545,0.3455,0.2853,1.6487,0.1240,2,13,0.3102,4,2.2965
0.2545,0.3636,0.2536,1.7121,0.1237,2,13,0.2396,4,2.3073
0.2545,0.3818,0.2219,1.7755,0.1236,1,15,0.1692,5,2.3137
0.2545,0.4000,0.1902,1.8389,0.1238,1,15,0.0996,6,2.2989
0.2545,0.4182,0.1585,1.9023,0.1244,1,15,0.0356,5,2.2862
0.2545,0.4364,0.1268,1.9657,0.1254,1,15,0.0516,5,2.2757
0.2545,0.4545,0.0951,2.0291,0.1270,2,15,0.1188,5,2.2673
0.2545,0.4727,0.0634,2.0925,0.1291,1,14,0.1707,5,2.2611
0.2545,0.4909,0.0317,2.1559,0.1320,1,14,0.1320,5,2.2571
0.2545,0.5091,-0.0000,2.2194,0.1355,1,14,0.1256,5,2.2553
0.2545,0.5273,-0.0317,2.2828,0.1395,1,14,0.1554,6,2.2558
0.2545,0.5455,-0.0634,2.3462,0.1438,2,13,0.2064,5,2.2585
0.2545,0.5636,-0.0951,2.4096,0.1483,2,13,0.2666,5,2.2634
0.2545,0.5818,-0.1268,2.4730,0.1528,3,13,0.3311,5,2.2705
0.2545,0.6000,-0.1585,2.5364,0.1571,3,14,0.3978,5,2.2798
0.2545,0.6182,-0.1902,2.5998,0.1609,3,13,0.4657,5,2.2913
0.2545,0.6364,-0.2219,2.6632,0.1643,3,14,0.5335,6,2.3048
0.2545,0.6545,-0.2536,2.7266,0.1669,3,15,0.5181,6,2.3146
0.2545,0.6727,-0.2853,2.7900,0.1689,3,15,0.4801,5,2.3026
0.2545,0.6909,-0.3171,2.8535,0.1703,3,16,0.4372,5,2.2926
0.2545,0.7091,-0.3488,2.9169,0.1711,3,16,0.4023,4,2.2848
0.2545,0.7273,-0.3805,2.9803,0.1715,3,16,0.3776,4,2.2792
0.2545,0.7455,-0.4122,3.0437,0.1717,3,17,0.3653,4,2.2758
0.2545,0.7636,-0.4439,3.1071,0.1719,2,18,0.3664,5,2.2746
0.2545,0.7818,-0.4756,3.1705,0.1721,3,18,0.3810,5,2.2757
0.2545,0.8000,-0.5073,3.2339,0.1726,3,17,0.4076,5,2.2789
0.2545,0.8182,-0.5390,3.2973,0.1734,4,18,0.4440,5,2.2843
0.2545,0.8364,-0.5707,3.3607,0.1744,3,18,0.4646,5,2.2919
0.2545,0.8545,-0.6024,3.4241,0.1754,4,18,0.4584,5,2.3017
0.2545,0.8727,-0.6341,3.4876,0.1764,4,18,0.4631,4,2.3135
0.2545,0.8909,-0.6658,3.5510,0.1770,4,17,0.4784,6,2.3060
0.2545,0.9091,-0.6975,3.6144,0.1771,4,15,0.5033,6,2.2923
0.2545,0.9273,-0.7292,3.6778,0.1765,4,15,0.5365,5,2.2807
0.2545,0.9455,-0.7609,3.7412,0.1751,3,15,0.5765,6,2.2712
0.2545,0.9636,-0.7926,3.8046,0.1730,3,14,0.5551,6,2.2639
0.2545,0.9818,-0.8243,3.8680,0.1700,3,14,0.4843,7,2.2588
0.2727,0.0000,0.9512,0.4756,0.1610,3,13,0.4245,6,2.2619
0.2727,0.0182,0.9194,0.5390,0.1568,3,14,0.3560,5,2.2612
0.2727,0.0364,0.8877,0.6024,0.1523,3,13,0.2886,5,2.2628
0.2727,0.0545,0.8560,0.6658,0.1478,2,14,0.2234,4,2.2666
0.2727,0.0727,0.8243,0.7292,0.1434,2,14,0.1631,4,2.2726
0.2727,0.0909,0.7926,0.7926,0.1392,1,14,0.1155,5,2.2808
0.2727,0.1091,0.7609,0.8560,0.1354,1,14,0.1007,5,2.2911
0.2727,0.1273,0.7292,0.9194,0.1322,1,15,0.1303,5,2.3036
0.2727,0.1455,0.6975,0.9829,0.1296,2,15,0.1580,4,2.3123
0.2727,0.1636,0.6658,1.0463,0.1277,2,15,0.0931,4,2.2991
0.2727,0.1818,0.6341,1.1097,0.1263,2,15,0.0490,4,2.2881
0.2727,0.2000,0.6024,1.1731,0.1254,2,15,0.0786,5,2.2792
0.2727,0.2182,0.5707,1.2365,0.1248,1,15,0.1415,6,2.2725
0.2727,0.2364,0.5390,1.2999,0.1245,1,14,0.2096,6,2.2680
0.2727,0.2545,0.5073,1.3633,0.1245,2,13,0.2790,6,2.2657
0.2727,0.2727,0.4756,1.4267,0.1247,2,13,0.3491,5,2.2656
0.2727,0.2909,0.4439,1.4901,0.1249,2,12,0.4194,5,2.2677
0.2727,0.3091,0.4122,1.5535,0.1253,2,11,0.4610,4,2.2720
0.2727,0.3273,0.3805,1.6170,0.1256,2,12,0.3919,4,2.2786
0.2727,0.3455,0.3488,1.6804,0.1260,2,13,0.3236,5,2.2873
0.2727,0.3636,0.3171,1.7438,0.1266,1,13,0.2568,5,2.2981
0.2727,0.3818,0.2853,1.8072,0.1272,2,14,0.1928,6,2.3111
0.2727,0.4000,0.2536,1.8706,0.1280,2,14,0.1358,6,2.3047
0.2727,0.4182,0.2219,1.9340,0.1291,2,15,0.0990,6,2.2921
0.2727,0.4364,0.1902,1.9974,0.1304,2,15,0.1058,5,2.2815
0.2727,0.4545,0.1585,2.0608,0.1322,3,15,0.1505,4,2.2732
0.2727,0.4727,0.1268,2.1242,0.1346,3,15,0.1292,4,2.2670
0.2727,0.4909,0.0951,2.1876,0.1375,2,15,0.0705,5,2.2630
0.2727,0.5091,0.0634,2.2511,0.1410,1,15,0.0576,5,2.2613
0.2727,0.5273,0.0317,2.3145,0.1449,1,15,0.1082,6,2.2617
0.2727,0.5455,-0.0000,2.3779,0.1493,2,15,0.1736,6,2.2644
0.2727,0.5636,-0.0317,2.4413,0.1538,3,14,0.2422,5,2.2693
0.2727,0.5818,-0.0634,2.5047,0.1584,3,14,0.3117,5,2.2764
0.2727,0.6000,-0.0951,2.5681,0.1627,3,14,0.3818,5,2.2857
0.2727,0.6182,-0.1268,2.6315,0.1666,3,14,0.4521,5,2.2971
0.2727,0.6364,-0.1585,2.6949,0.1700,3,14,0.5226,6,2.3106
0.2727,0.6545,-0.1902,2.7583,0.1726,3,14,0.5802,6,2.3055
0.2727,0.6727,-0.2219,2.8217,0.1744,3,15,0.5359,6,2.2933
0.2727,0.6909,-0.2536,2.8852,0.1754,4,15,0.4978,5,2.2834
0.2727,0.7091,-0.2853,2.9486,0.1758,4,16,0.4675,4,2.2756
0.2727,0.7273,-0.3171,3.0120,0.1756,4,17,0.4464,4,2.2699
0.2727,0.7455,-0.3488,3.0754,0.1751,4,17,0.4360,4,2.2665
0.2727,0.7636,-0.3805,3.1388,0.1744,3,17,0.4369,4,2.2653
0.2727,0.7818,-0.4122,3.2022,0.1736,4,17,0.4492,5,2.2663
0.2727,0.8000,-0.4439,3.2656,0.1730,3,18,0.4444,5,2.2696
0.2727,0.8182,-0.4756,3.3290,0.1727,3,18,0.4144,5,2.2750
0.2727,0.8364,-0.5073,3.3924,0.1728,4,17,0.3949,6,2.2826
0.2727,0.8545,-0.5390,3.4558,0.1729,4,17,0.3875,6,2.2924
0.2727,0.8727,-0.5707,3.5193,0.1730,4,17,0.3931,6,2.3044
0.2727,0.8909,-0.6024,3.5827,0.1730,3,15,0.4110,5,2.3118
0.2727,0.9091,-0.6341,3.6461,0.1725,3,16,0.4397,4,2.2981
0.2727,0.9273,-0.6658,3.7095,0.1716,3,15,0.4773,4,2.2865
0.2727,0.9455,-0.6975,3.7729,0.1699,3,15,0.5219,4,2.2771
0.2727,0.9636,-0.7292,3.8363,0.1676,3,15,0.5478,6,2.2698
0.2727,0.9818,-0.7609,3.8997,0.1646,3,14,0.4937,6,2.2647
0.2909,0.0000,1.0146,0.5073,0.1549,3,12,0.4465,6,2.2700
0.2909,0.0182,0.9829,0.5707,0.1509,2,13,0.3820,5,2.2693
0.2909,0.0364,0.9512,0.6341,0.1467,2,12,0.3201,5,2.2709
0.2909,0.0545,0.9194,0.6975,0.1424,2,13,0.2629,5,2.2747
0.2909,0.0727,0.8877,0.7609,0.1382,1,14,0.2140,5,2.2807
0.2909,0.0909,0.8560,0.8243,0.1342,1,14,0.1804,4,2.2888
0.2909,0.1091,0.8243,0.8877,0.1305,1,14,0.1713,5,2.2991
0.2909,0.1273,0.7926,0.9512,0.1274,1,14,0.1902,4,2.3116
0.2909,0.1455,0.7609,1.0146,0.1250,1,14,0.1522,4,2.3053
0.2909,0.1636,0.7292,1.0780,0.1233,0,15,0.0828,4,2.2921
0.2909,0.1818,0.6975,1.1414,0.1222,1,14,0.0244,4,2.2810
0.2909,0.2000,0.6658,1.2048,0.1218,1,15,0.0662,6,2.2721
0.2909,0.2182,0.6341,1.2682,0.1218,1,15,0.1350,6,2.2654
0.2909,0.2364,0.6024,1.3316,0.1222,2,14,0.2052,6,2.2608
0.2909,0.2545,0.5707,1.3950,0.1229,2,13,0.2758,6,2.2585
0.2909,0.2727,0.5390,1.4584,0.1240,2,13,0.3465,5,2.2584
0.2909,0.2909,0.5073,1.5218,0.1253,2,14,0.4172,4,2.2606
0.2909,0.3091,0.4756,1.5853,0.1266,2,11,0.4807,4,2.2649
0.2909,0.3273,0.4439,1.6487,0.1280,2,11,0.4149,5,2.2715
0.2909,0.3455,0.4122,1.7121,0.1293,2,12,0.3512,5,2.2802
0.2909,0.3636,0.3805,1.7755,0.1307,2,13,0.2907,5,2.2911
0.2909,0.3818,0.3488,1.8389,0.1321,2,13,0.2361,6,2.3041
0.2909,0.4000,0.3171,1.9023,0.1335,2,16,0.1924,6,2.3127
0.2909,0.4182,0.2853,1.9657,0.1349,2,16,0.1685,6,2.3001
0.2909,0.4364,0.2536,2.0291,0.1365,2,16,0.1725,4,2.2896
0.2909,0.4545,0.2219,2.0925,0.1384,2,16,0.1899,4,2.2813
0.2909,0.4727,0.1902,2.1559,0.1407,3,16,0.1195,4,2.2751
0.2909,0.4909,0.1585,2.2194,0.1435,2,17,0.0507,4,2.2711
0.2909,0.5091,0.1268,2.2828,0.1468,2,17,0.0301,5,2.2694
0.2909,0.5273,0.0951,2.3462,0.1505,2,17,0.0964,6,2.2699
0.2909,0.5455,0.0634,2.4096,0.1546,3,16,0.1665,6,2.2725
0.2909,0.5636,0.0317,2.4730,0.1590,3,14,0.2371,6,2.2774
0.2909,0.5818,-0.0000,2.5364,0.1634,3,14,0.3079,5,2.2845
0.2909,0.6000,-0.0317,2.5998,0.1676,3,14,0.3786,5,2.2937
0.2909,0.6182,-0.0634,2.6632,0.1714,3,15,0.4495,5,2.3051
0.2909,0.6364,-0.0951,2.7266,0.1746,3,14,0.5203,6,2.3127
0.2909,0.6545,-0.1268,2.7900,0.1770,3,15,0.5912,6,2.2984
0.2909,0.6727,-0.1585,2.8535,0.1786,4,15,0.5949,6,2.2863
0.2909,0.6909,-0.1902,2.9169,0.1793,4,16,0.5608,6,2.2763
0.2909,0.7091,-0.2219,2.9803,0.1792,4,16,0.5341,4,2.2685
0.2909,0.7273,-0.2536,3.0437,0.1784,4,18,0.5157,4,2.2628
0.2909,0.7455,-0.2853,3.1071,0.1772,4,18,0.5067,4,2.2594
0.2909,0.7636,-0.3171,3.1705,0.1756,3,18,0.4790,4,2.2582
0.2909,0.7818,-0.3488,3.2339,0.1739,4,18,0.4283,5,2.2592
0.2909,0.8000,-0.3805,3.2973,0.1724,4,19,0.3842,6,2.2625
0.2909,0.8182,-0.4122,3.3607,0.1709,3,18,0.3490,6,2.2679
0.2909,0.8364,-0.4439,3.4241,0.1699,3,18,0.3256,6,2.2756
0.2909,0.8545,-0.4756,3.4876,0.1692,3,17,0.3167,6,2.2854
0.2909,0.8727,-0.5073,3.5510,0.1685,3,15,0.3234,6,2.2974
0.2909,0.8909,-0.5390,3.6144,0.1678,3,16,0.3449,4,2.3114
0.2909,0.9091,-0.5707,3.6778,0.1668,3,16,0.3787,4,2.3061
0.2909,0.9273,-0.6024,3.7412,0.1655,3,16,0.4218,4,2.2946
0.2909,0.9455,-0.6341,3.8046,0.1637,3,15,0.4668,4,2.2852
0.2909,0.9636,-0.6658,3.8680,0.1614,3,15,0.4788,5,2.2779
0.2909,0.9818,-0.6975,3.9314,0.1584,3,13,0.5006,6,2.2728
0.3091,0.0000,1.0780,0.5390,0.1486,2,12,0.4703,5,2.2803
0.3091,0.0182,1.0463,0.6024,0.1450,2,11,0.4185,6,2.2796
0.3091,0.0364,1.0146,0.6658,0.1412,2,12,0.3629,5,2.2812
0.3091,0.0545,0.9829,0.7292,0.1373,2,13,0.3136,5,2.2850
0.3091,0.0727,0.9512,0.7926,0.1335,1,13,0.2739,5,2.2909
0.3091,0.0909,0.9194,0.8560,0.1299,1,14,0.2486,5,2.2990
0.3091,0.1091,0.8877,0.9194,0.1266,1,13,0.2420,4,2.3093
0.3091,0.1273,0.8560,0.9829,0.1239,1,14,0.2404,3,2.3158
0.3091,0.1455,0.8243,1.0463,0.1217,1,15,0.1773,4,2.3005
0.3091,0.1636,0.7926,1.1097,0.1203,0,14,0.1229,4,2.2873
0.3091,0.1818,0.7609,1.1731,0.1197,0,14,0.0940,5,2.2762
0.3091,0.2000,0.7292,1.2365,0.1196,0,14,0.1124,6,2.2672
0.3091,0.2182,0.6975,1.2999,0.1202,2,14,0.1627,6,2.2605
0.3091,0.2364,0.6658,1.3633,0.1213,2,13,0.2244,6,2.2559
0.3091,0.2545,0.6341,1.4267,0.1228,2,13,0.2903,5,2.2536
0.3091,0.2727,0.6024,1.4901,0.1248,2,13,0.3582,4,2.2535
0.3091,0.2909,0.5707,1.5535,0.1269,2,13,0.4246,4,2.2556
0.3091,0.3091,0.5390,1.6170,0.1292,1,12,0.4542,4,2.2600
0.3091,0.3273,0.5073,1.6804,0.1314,2,11,0.4481,5,2.2666
0.3091,0.3455,0.4756,1.7438,0.1337,2,12,0.3898,5,2.2753
0.3091,0.3636,0.4439,1.8072,0.1359,2,12,0.3364,5,2.2863
0.3091,0.3818,0.4122,1.8706,0.1379,2,14,0.2905,6,2.2993
0.3091,0.4000,0.3805,1.9340,0.1398,2,15,0.2563,5,2.3145
0.3091,0.4182,0.3488,1.9974,0.1416,2,16,0.2388,5,2.3103
0.3091,0.4364,0.3171,2.0608,0.1433,2,16,0.2417,5,2.2998
0.3091,0.4545,0.2853,2.1242,0.1452,2,17,0.2090,4,2.2915
0.3091,0.4727,0.2536,2.1876,0.1473,3,17,0.1481,4,2.2854
0.3091,0.4909,0.2219,2.2511,0.1498,3,17,0.1010,4,2.2814
0.3091,0.5091,0.1902,2.3145,0.1527,2,17,0.0924,5,2.2797
0.3091,0.5273,0.1585,2.3779,0.1560,2,17,0.1301,6,2.2802
0.3091,0.5455,0.1268,2.4413,0.1597,4,17,0.1881,6,2.2828
0.3091,0.5636,0.0951,2.5047,0.1636,3,17,0.2527,6,2.2877
0.3091,0.5818,0.0634,2.5681,0.1677,3,15,0.3200,6,2.2947
0.3091,0.6000,0.0317,2.6315,0.1716,3,16,0.3886,5,2.3039
0.3091,0.6182,-0.0000,2.6949,0.1750,3,16,0.4579,5,2.3152
0.3091,0.6364,-0.0317,2.7583,0.1780,3,15,0.5276,5,2.3079
0.3091,0.6545,-0.0634,2.8217,0.1801,4,15,0.5976,6,2.2936
0.3091,0.6727,-0.0951,2.8852,0.1814,4,15,0.6562,6,2.2814
0.3091,0.6909,-0.1268,2.9486,0.1817,4,15,0.6255,6,2.2714
0.3091,0.7091,-0.1585,3.0120,0.1811,4,16,0.6016,5,2.2636
0.3091,0.7273,-0.1902,3.0754,0.1798,4,17,0.5582,4,2.2579
0.3091,0.7455,-0.2219,3.1388,0.1778,4,18,0.4955,4,2.2545
0.3091,0.7636,-0.2536,3.2022,0.1755,3,18,0.4354,4,2.2533
0.3091,0.7818,-0.2853,3.2656,0.1730,3,18,0.3790,6,2.2543
0.3091,0.8000,-0.3171,3.3290,0.1705,4,18,0.3282,6,2.2575
0.3091,0.8182,-0.3488,3.3924,0.1681,3,18,0.2862,6,2.2630
0.3091,0.8364,-0.3805,3.4558,0.1660,2,17,0.2572,6,2.2707
0.3091,0.8545,-0.4122,3.5193,0.1644,3,17,0.2458,6,2.2805
0.3091,0.8727,-0.4439,3.5827,0.1630,2,17,0.2544,6,2.2925
0.3091,0.8909,-0.4756,3.6461,0.1616,2,17,0.2813,4,2.3066
0.3091,0.9091,-0.5073,3.7095,0.1603,3,15,0.3218,4,2.3163
0.3091,0.9273,-0.5390,3.7729,0.1587,3,15,0.3715,4,2.3048
0.3091,0.9455,-0.5707,3.8363,0.1568,3,14,0.3963,5,2.2954
0.3091,0.9636,-0.6024,3.8997,0.1545,3,13,0.4103,5,2.2882
0.3091,0.9818,-0.6341,3.9631,0.1518,2,13,0.4356,5,2.2831
0.3273,0.0000,1.1414,0.5707,0.1423,2,13,0.4127,5,2.2927
0.3273,0.0182,1.1097,0.6341,0.1393,2,11,0.4603,5,2.2921
0.3273,0.0364,1.0780,0.6975,0.1361,2,12,0.4135,4,2.2937
0.3273,0.0545,1.0463,0.7609,0.1328,2,13,0.3710,5,2.2974
0.3273,0.0727,1.0146,0.8243,0.1296,1,13,0.3381,5,2.3033
0.3273,0.0909,0.9829,0.8877,0.1266,1,14,0.3179,5,2.3114
0.3273,0.1091,0.9512,0.9512,0.1239,1,14,0.3125,4,2.3216
0.3273,0.1273,0.9194,1.0146,0.1217,1,14,0.2576,4,2.3132
0.3273,0.1455,0.8877,1.0780,0.1200,1,14,0.2124,3,2.2979
0.3273,0.1636,0.8560,1.1414,0.1190,0,14,0.1828,4,2.2846
0.3273,0.1818,0.8243,1.2048,0.1186,0,14,0.1647,5,2.2735
0.3273,0.2000,0.7926,1.2682,0.1191,0,14,0.1759,6,2.2645
0.3273,0.2182,0.7609,1.3316,0.1202,1,14,0.2116,5,2.2578
0.3273,0.2364,0.7292,1.3950,0.1219,1,14,0.2620,5,2.2532
0.3273,0.2545,0.6975,1.4584,0.1242,1,13,0.3203,4,2.2509
0.3273,0.2727,0.6658,1.5218,0.1268,1,13,0.3361,4,2.2508
0.3273,0.2909,0.6341,1.5853,0.1298,1,13,0.3590,4,2.2529
0.3273,0.3091,0.6024,1.6487,0.1328,2,13,0.3935,5,2.2573
0.3273,0.3273,0.5707,1.7121,0.1359,2,11,0.4369,5,2.2639
0.3273,0.3455,0.5390,1.7755,0.1389,2,11,0.4366,5,2.2727
0.3273,0.3636,0.5073,1.8389,0.1418,2,13,0.3896,4,2.2836
0.3273,0.3818,0.4756,1.9023,0.1444,2,13,0.3508,5,2.2967
0.3273,0.4000,0.4439,1.9657,0.1466,2,13,0.3230,5,2.3119
0.3273,0.4182,0.4122,2.0291,0.1487,2,15,0.3093,5,2.3226
0.3273,0.4364,0.3805,2.0925,0.1505,2,17,0.3053,5,2.3122
0.3273,0.4545,0.3488,2.1559,0.1523,2,17,0.2478,4,2.3039
0.3273,0.4727,0.3171,2.2194,0.1541,2,17,0.1990,4,2.2978
0.3273,0.4909,0.2853,2.2828,0.1561,3,17,0.1670,4,2.2939
0.3273,0.5091,0.2536,2.3462,0.1584,2,17,0.1620,5,2.2922
0.3273,0.5273,0.2219,2.4096,0.1611,2,17,0.1861,5,2.2926
0.3273,0.5455,0.1902,2.4730,0.1642,4,17,0.2304,6,2.2953
0.3273,0.5636,0.1585,2.5364,0.1676,4,18,0.2856,6,2.3001
0.3273,0.5818,0.1268,2.5998,0.1711,3,18,0.3466,6,2.3071
0.3273,0.6000,0.0951,2.6632,0.1744,3,18,0.4107,5,2.3162
0.3273,0.6182,0.0634,2.7266,0.1774,3,17,0.4768,5,2.3216
0.3273,0.6364,0.0317,2.7900,0.1799,4,15,0.5441,5,2.3053
0.3273,0.6545,-0.0000,2.8535,0.1817,4,15,0.6122,6,2.2910
0.3273,0.6727,-0.0317,2.9169,0.1825,4,15,0.6809,6,2.2788
0.3273,0.6909,-0.0634,2.9803,0.1824,4,15,0.6663,5,2.2687
0.3273,0.7091,-0.0951,3.0437,0.1814,4,15,0.5982,5,2.2609
0.3273,0.7273,-0.1268,3.1071,0.1796,4,16,0.5308,5,2.2552
0.3273,0.7455,-0.1585,3.1705,0.1770,3,17,0.4644,4,2.2518
0.3273,0.7636,-0.1902,3.2339,0.1740,3,18,0.3997,5,2.2506
0.3273,0.7818,-0.2219,3.2973,0.1707,3,17,0.3373,5,2.2516
0.3273,0.8000,-0.2536,3.3607,0.1674,4,18,0.2791,6,2.2548
0.3273,0.8182,-0.2853,3.4241,0.1643,4,17,0.2282,6,2.2603
0.3273,0.8364,-0.3171,3.4876,0.1614,2,17,0.1906,6,2.2680
0.3273,0.8545,-0.3488,3.5510,0.1589,2,17,0.1749,6,2.2779
0.3273,0.8727,-0.3805,3.6144,0.1568,3,17,0.1869,5,2.2899
0.3273,0.8909,-0.4122,3.6778,0.1550,2,17,0.2220,4,2.3040
0.3273,0.9091,-0.4439,3.7412,0.1533,2,17,0.2715,4,2.3202
0.3273,0.9273,-0.4756,3.8046,0.1515,2,16,0.3240,4,2.3171
0.3273,0.9455,-0.5073,3.8680,0.1496,2,14,0.3259,5,2.3078
0.3273,0.9636,-0.5390,3.9314,0.1475,2,13,0.3429,5,2.3006
0.3273,0.9818,-0.5707,3.9948,0.1451,2,13,0.3727,5,2.2956
0.3455,0.0000,1.2048,0.6024,0.1364,2,12,0.3600,5,2.2986
0.3455,0.0182,1.1731,0.6658,0.1341,2,12,0.4136,5,2.2980
0.3455,0.0364,1.1414,0.7292,0.1317,2,11,0.4694,4,2.2995
0.3455,0.0545,1.1097,0.7926,0.1292,1,13,0.4324,5,2.3033
0.3455,0.0727,1.0780,0.8560,0.1268,1,13,0.4046,5,2.3092
0.3455,0.0909,1.0463,0.9194,0.1245,2,12,0.3444,5,2.3172
0.3455,0.1091,1.0146,0.9829,0.1225,2,13,0.2779,4,2.3274
0.3455,0.1273,0.9829,1.0463,0.1209,2,14,0.2144,4,2.3127
0.3455,0.1455,0.9512,1.1097,0.1198,0,14,0.1574,3,2.2974
0.3455,0.1636,0.9194,1.1731,0.1193,0,14,0.1166,4,2.2841
0.3455,0.1818,0.8877,1.2365,0.1194,0,14,0.1117,4,2.2730
0.3455,0.2000,0.8560,1.2999,0.1202,0,14,0.1463,5,2.2641
0.3455,0.2182,0.8243,1.3633,0.1217,1,15,0.2010,5,2.2573
0.3455,0.2364,0.7926,1.4267,0.1239,1,14,0.2635,4,2.2528
0.3455,0.2545,0.7609,1.4901,0.1268,1,14,0.2563,5,2.2504
0.3455,0.2727,0.7292,1.5535,0.1300,1,14,0.2675,5,2.2503
0.3455,0.2909,0.6975,1.6170,0.1336,1,13,0.2958,5,2.2525
0.3455,0.3091,0.6658,1.6804,0.1373,2,13,0.3369,5,2.2568
0.3455,0.3273,0.6341,1.7438,0.1411,2,12,0.3867,5,2.2634
0.3455,0.3455,0.6024,1.8072,0.1447,2,11,0.4423,4,2.2722
0.3455,0.3636,0.5707,1.8706,0.1481,2,13,0.4478,4,2.2831
0.3455,0.3818,0.5390,1.9340,0.1511,2,13,0.4145,5,2.2962
0.3455,0.4000,0.5073,1.9974,0.1537,2,13,0.3913,5,2.3114
0.3455,0.4182,0.4756,2.0608,0.1559,3,15,0.3800,5,2.3283
0.3455,0.4364,0.4439,2.1242,0.1577,3,15,0.3478,5,2.3180
0.3455,0.4545,0.4122,2.1876,0.1592,2,16,0.2985,4,2.3097
0.3455,0.4727,0.3805,2.2511,0.1607,2,18,0.2595,4,2.3037
0.3455,0.4909,0.3488,2.3145,0.1622,3,17,0.2359,4,2.2997
0.3455,0.5091,0.3171,2.3779,0.1638,2,17,0.2324,5,2.2980
0.3455,0.5273,0.2853,2.4413,0.1657,3,17,0.2498,5,2.2985
0.3455,0.5455,0.2536,2.5047,0.1680,4,18,0.2843,5,2.3011
0.3455,0.5636,0.2219,2.5681,0.1706,4,18,0.3306,6,2.3059
0.3455,0.5818,0.1902,2.6315,0.1733,3,18,0.3845,6,2.3129
0.3455,0.6000,0.1585,2.6949,0.1760,3,18,0.4432,6,2.3220
0.3455,0.6182,0.1268,2.7583,0.1784,4,18,0.5051,5,2.3212
0.3455,0.6364,0.0951,2.8217,0.1803,4,16,0.5690,5,2.3048
0.3455,0.6545,0.0634,2.8852,0.1816,4,16,0.6211,5,2.2905
0.3455,0.6727,0.0317,2.9486,0.1820,4,15,0.6464,6,2.2783
0.3455,0.6909,-0.0000,3.0120,0.1815,4,15,0.6513,5,2.2683
0.3455,0.7091,-0.0317,3.0754,0.1801,4,15,0.5814,5,2.2604
0.3455,0.7273,-0.0634,3.1388,0.1778,3,15,0.5118,5,2.2547
0.3455,0.7455,-0.0951,3.2022,0.1748,3,16,0.4427,5,2.2513
0.3455,0.7636,-0.1268,3.2656,0.1712,3,17,0.3741,5,2.2501
0.3455,0.7818,-0.1585,3.3290,0.1674,3,16,0.3066,5,2.2511
0.3455,0.8000,-0.1902,3.3924,0.1635,3,16,0.2411,6,2.2544
0.3455,0.8182,-0.2219,3.4558,0.1597,4,17,0.1798,6,2.2598
0.3455,0.8364,-0.2536,3.5193,0.1562,2,17,0.1286,5,2.2675
0.3455,0.8545,-0.2853,3.5827,0.1531,2,17,0.1041,5,2.2774
0.3455,0.8727,-0.3171,3.6461,0.1504,3,17,0.1231,5,2.2894
0.3455,0.8909,-0.3488,3.7095,0.1482,3,17,0.1719,4,2.3035
0.3455,0.9091,-0.3805,3.7729,0.1462,2,17,0.2323,4,2.3198
0.3455,0.9273,-0.4122,3.8363,0.1443,2,16,0.2534,4,2.3229
0.3455,0.9455,-0.4439,3.8997,0.1425,2,15,0.2559,5,2.3136
0.3455,0.9636,-0.4756,3.9631,0.1406,2,14,0.2771,5,2.3064
0.3455,0.9818,-0.5073,4.0265,0.1386,2,13,0.3133,5,2.3014
0.3636,0.0000,1.2682,0.6341,0.1313,2,12,0.3145,5,2.2853
0.3636,0.0182,1.2365,0.6975,0.1297,2,12,0.3747,6,2.2846
0.3636,0.0364,1.2048,0.7609,0.1282,2,11,0.4381,5,2.2862
0.3636,0.0545,1.1731,0.8243,0.1267,2,10,0.4702,5,2.2899
0.3636,0.0727,1.1414,0.8877,0.1251,2,13,0.3995,5,2.2959
0.3636,0.0909,1.1097,0.9512,0.1237,2,13,0.3290,4,2.3040
0.3636,0.1091,1.0780,1.0146,0.1225,2,14,0.2587,4,2.3142
0.3636,0.1273,1.0463,1.0780,0.1217,2,15,0.1888,4,2.3145
0.3636,0.1455,1.0146,1.1414,0.1212,1,14,0.1202,6,2.2991
0.3636,0.1636,0.9829,1.2048,0.1212,1,14,0.0572,5,2.2859
0.3636,0.1818,0.9512,1.2682,0.1218,1,14,0.0464,5,2.2748
0.3636,0.2000,0.9194,1.3316,0.1229,0,15,0.1053,5,2.2658
0.3636,0.2182,0.8877,1.3950,0.1248,1,14,0.1734,6,2.2591
0.3636,0.2364,0.8560,1.4584,0.1273,1,14,0.1964,5,2.2545
0.3636,0.2545,0.8243,1.5218,0.1305,1,14,0.1855,5,2.2522
0.3636,0.2727,0.7926,1.5853,0.1342,1,14,0.2007,4,2.2521
0.3636,0.2909,0.7609,1.6487,0.1382,2,13,0.2371,5,2.2542
0.3636,0.3091,0.7292,1.7121,0.1424,2,13,0.2867,5,2.2586
0.3636,0.3273,0.6975,1.7755,0.1467,2,12,0.3438,5,2.2652
0.3636,0.3455,0.6658,1.8389,0.1508,2,13,0.4053,5,2.2739
0.3636,0.3636,0.6341,1.9023,0.1546,3,12,0.4695,5,2.2849
0.3636,0.3818,0.6024,1.9657,0.1579,3,13,0.4802,6,2.2979
0.3636,0.4000,0.5707,2.0291,0.1607,3,14,0.4603,5,2.3131
0.3636,0.4182,0.5390,2.0925,0.1629,3,15,0.4479,5,2.3152
0.3636,0.4364,0.5073,2.1559,0.1646,3,15,0.3984,5,2.3047
0.3636,0.4545,0.4756,2.2194,0.1658,3,15,0.3563,4,2.2965
0.3636,0.4727,0.4439,2.2828,0.1668,3,15,0.3243,4,2.2903
0.3636,0.4909,0.4122,2.3462,0.1677,3,17,0.3057,4,2.2864
0.3636,0.5091,0.3805,2.4096,0.1685,3,17,0.3030,5,2.2847
0.3636,0.5273,0.3488,2.4730,0.1695,3,18,0.3165,5,2.2851
0.3636,0.5455,0.3171,2.5364,0.1709,3,18,0.3444,5,2.2878
0.3636,0.5636,0.2853,2.5998,0.1725,4,17,0.3836,5,2.2926
0.3636,0.5818,0.2536,2.6632,0.1743,3,18,0.4309,5,2.2997
0.3636,0.6000,0.2219,2.7266,0.1762,3,18,0.4840,6,2.3088
0.3636,0.6182,0.1902,2.7900,0.1778,4,18,0.5227,5,2.3201
0.3636,0.6364,0.1585,2.8535,0.1791,4,17,0.5339,5,2.3065
0.3636,0.6545,0.1268,2.9169,0.1798,4,16,0.5541,5,2.2922
0.3636,0.6727,0.0951,2.9803,0.1798,4,16,0.5822,5,2.2800
0.3636,0.6909,0.0634,3.0437,0.1790,4,15,0.6172,5,2.2700
0.3636,0.7091,0.0317,3.1071,0.1772,3,15,0.5730,5,2.2622
0.3636,0.7273,-0.0000,3.1705,0.1746,3,14,0.5023,6,2.2565
0.3636,0.7455,-0.0317,3.2339,0.1713,3,15,0.4315,6,2.2531
0.3636,0.7636,-0.0634,3.2973,0.1675,3,14,0.3609,5,2.2519
0.3636,0.7818,-0.0951,3.3607,0.1632,3,14,0.2904,5,2.2529
0.3636,0.8000,-0.1268,3.4241,0.1588,3,14,0.2201,4,2.2561
0.3636,0.8182,-0.1585,3.4876,0.1546,2,17,0.1504,5,2.2616
0.3636,0.8364,-0.1902,3.5510,0.1507,2,17,0.0827,5,2.2693
0.3636,0.8545,-0.2219,3.6144,0.1471,2,17,0.0334,5,2.2791
0.3636,0.8727,-0.2536,3.6778,0.1440,3,18,0.0738,5,2.2911
0.3636,0.8909,-0.2853,3.7412,0.1414,3,16,0.1408,4,2.3053
0.3636,0.9091,-0.3171,3.8046,0.1392,2,16,0.2056,4,2.3212
0.3636,0.9273,-0.3488,3.8680,0.1374,2,16,0.1830,4,2.3097
0.3636,0.9455,-0.3805,3.9314,0.1358,2,16,0.1865,5,2.3003
0.3636,0.9636,-0.4122,3.9948,0.1343,2,15,0.2147,5,2.2931
0.3636,0.9818,-0.4439,4.0582,0.1328,2,13,0.2598,5,2.2881
0.3818,0.0000,1.3316,0.6658,0.1271,2,13,0.2797,6,2.2741
0.3818,0.0182,1.2999,0.7292,0.1264,2,12,0.3460,5,2.2734
0.3818,0.0364,1.2682,0.7926,0.1259,2,12,0.4138,5,2.2750
0.3818,0.0545,1.2365,0.8560,0.1253,2,11,0.4699,5,2.2788
0.3818,0.0727,1.2048,0.9194,0.1248,2,13,0.3992,4,2.2847
0.3818,0.0909,1.1731,0.9829,0.1243,2,13,0.3286,4,2.2929
0.3818,0.1091,1.1414,1.0463,0.1240,2,13,0.2582,4,2.3032
0.3818,0.1273,1.1097,1.1097,0.1239,1,14,0.1881,5,2.3156
0.3818,0.1455,1.0780,1.1731,0.1241,1,15,0.1191,6,2.3030
0.3818,0.1636,1.0463,1.2365,0.1247,1,15,0.0548,6,2.2898
0.3818,0.1818,1.0146,1.2999,0.1256,2,15,0.0434,5,2.2787
0.3818,0.2000,0.9829,1.3633,0.1271,1,15,0.1040,5,2.2698
0.3818,0.2182,0.9512,1.4267,0.1292,1,15,0.1726,4,2.2630
0.3818,0.2364,0.9194,1.4901,0.1319,1,14,0.1316,5,2.2585
0.3818,0.2545,0.8877,1.5535,0.1352,1,14,0.1146,5,2.2562
0.3818,0.2727,0.8560,1.6170,0.1392,1,14,0.1379,6,2.2561
0.3818,0.2909,0.8243,1.6804,0.1434,2,14,0.1869,5,2.2582
0.3818,0.3091,0.7926,1.7438,0.1478,2,14,0.2468,5,2.2626
0.3818,0.3273,0.7609,1.8072,0.1524,3,13,0.3114,5,2.2691
0.3818,0.3455,0.7292,1.8706,0.1568,3,14,0.3782,5,2.2779
0.3818,0.3636,0.6975,1.9340,0.1608,3,13,0.4463,5,2.2888
0.3818,0.3818,0.6658,1.9974,0.1642,3,14,0.5151,6,2.3019
0.3818,0.4000,0.6341,2.0608,0.1671,3,15,0.5298,6,2.3167
0.3818,0.4182,0.6024,2.1242,0.1692,3,15,0.4985,5,2.3041
0.3818,0.4364,0.5707,2.1876,0.1707,3,15,0.4545,5,2.2936
0.3818,0.4545,0.5390,2.2511,0.1716,3,16,0.4181,4,2.2853
0.3818,0.4727,0.5073,2.3145,0.1721,3,16,0.3912,4,2.2792
0.3818,0.4909,0.4756,2.3779,0.1722,3,17,0.3759,4,2.2752
0.3818,0.5091,0.4439,2.4413,0.1722,3,17,0.3737,4,2.2735
0.3818,0.5273,0.4122,2.5047,0.1723,2,18,0.3847,5,2.2739
0.3818,0.5455,0.3805,2.5681,0.1725,3,17,0.4080,5,2.2766
0.3818,0.5636,0.3488,2.6315,0.1732,3,17,0.4415,5,2.2815
0.3818,0.5818,0.3171,2.6949,0.1740,4,17,0.4592,5,2.2885
0.3818,0.6000,0.2853,2.7583,0.1750,3,17,0.4501,5,2.2977
0.3818,0.6182,0.2536,2.8217,0.1758,4,17,0.4521,5,2.3091
0.3818,0.6364,0.2219,2.8852,0.1765,4,17,0.4651,5,2.3104
0.3818,0.6545,0.1902,2.9486,0.1766,4,16,0.4881,6,2.2961
0.3818,0.6727,0.1585,3.0120,0.1762,4,15,0.5198,5,2.2840
0.3818,0.6909,0.1268,3.0754,0.1750,3,15,0.5588,6,2.2740
0.3818,0.7091,0.0951,3.1388,0.1730,3,14,0.5733,6,2.2661
0.3818,0.7273,0.0634,3.2022,0.1702,3,14,0.5026,7,2.2605
0.3818,0.7455,0.0317,3.2656,0.1667,3,14,0.4319,6,2.2571
0.3818,0.7636,-0.0000,3.3290,0.1627,3,14,0.3614,4,2.2558
0.3818,0.7818,-0.0317,3.3924,0.1583,3,14,0.2910,4,2.2569
0.3818,0.8000,-0.0634,3.4558,0.1537,3,14,0.2209,4,2.2601
0.3818,0.8182,-0.0951,3.5193,0.1492,2,15,0.1515,4,2.2656
0.3818,0.8364,-0.1268,3.5827,0.1450,1,16,0.0847,5,2.2732
0.3818,0.8545,-0.1585,3.6461,0.1412,2,15,0.0382,5,2.2831
0.3818,0.8727,-0.1902,3.7095,0.1378,2,16,0.0761,5,2.2951
0.3818,0.8909,-0.2219,3.7729,0.1351,3,15,0.1420,4,2.3092
0.3818,0.9091,-0.2536,3.8363,0.1329,2,16,0.1470,4,2.3101
0.3818,0.9273,-0.2853,3.8997,0.1312,2,16,0.1133,4,2.2986
0.3818,0.9455,-0.3171,3.9631,0.1299,2,16,0.1188,5,2.2892
0.3818,0.9636,-0.3488,4.0265,0.1288,2,14,0.1595,5,2.2820
0.3818,0.9818,-0.3805,4.0899,0.1279,2,12,0.2164,6,2.2769
0.4000,0.0000,1.3950,0.6975,0.1242,2,13,0.2601,6,2.2650
0.4000,0.0182,1.3633,0.7609,0.1244,2,13,0.3304,5,2.2644
0.4000,0.0364,1.3316,0.8243,0.1248,2,12,0.4008,5,2.2659
0.4000,0.0545,1.2999,0.8877,0.1253,2,12,0.4714,4,2.2697
0.4000,0.0727,1.2682,0.9512,0.1257,2,12,0.4113,4,2.2757
0.4000,0.0909,1.2365,1.0146,0.1262,2,13,0.3432,4,2.2839
0.4000,0.1091,1.2048,1.0780,0.1268,1,13,0.2765,5,2.2942
0.4000,0.1273,1.1731,1.1414,0.1276,2,13,0.2126,5,2.3067
0.4000,0.1455,1.1414,1.2048,0.1284,2,14,0.1548,6,2.3091
0.4000,0.1636,1.1097,1.2682,0.1295,2,15,0.1131,6,2.2959
0.4000,0.1818,1.0780,1.3316,0.1308,2,15,0.1080,5,2.2849
0.4000,0.2000,1.0463,1.3950,0.1324,2,15,0.1435,4,2.2760
0.4000,0.2182,1.0146,1.4584,0.1346,3,15,0.1426,4,2.2692
0.4000,0.2364,0.9829,1.5218,0.1374,2,16,0.0782,5,2.2647
0.4000,0.2545,0.9512,1.5853,0.1408,2,15,0.0440,5,2.2624
0.4000,0.2727,0.9194,1.6487,0.1446,1,15,0.0884,6,2.2623
0.4000,0.2909,0.8877,1.7121,0.1488,2,15,0.1541,6,2.2644
0.4000,0.3091,0.8560,1.7755,0.1533,3,14,0.2230,5,2.2688
0.4000,0.3273,0.8243,1.8389,0.1579,3,14,0.2928,5,2.2753
0.4000,0.3455,0.7926,1.9023,0.1623,3,14,0.3631,5,2.2840
0.4000,0.3636,0.7609,1.9657,0.1664,3,14,0.4336,5,2.2949
0.4000,0.3818,0.7292,2.0291,0.1698,3,14,0.5042,6,2.3079
0.4000,0.4000,0.6975,2.0925,0.1726,3,14,0.5748,6,2.3078
0.4000,0.4182,0.6658,2.1559,0.1746,3,15,0.5535,6,2.2952
0.4000,0.4364,0.6341,2.2194,0.1758,4,15,0.5143,6,2.2847
0.4000,0.4545,0.6024,2.2828,0.1763,4,16,0.4824,4,2.2763
0.4000,0.4727,0.5707,2.3462,0.1762,4,17,0.4593,4,2.2701
0.4000,0.4909,0.5390,2.4096,0.1756,4,17,0.4463,4,2.2662
0.4000,0.5091,0.5073,2.4730,0.1748,3,17,0.4445,4,2.2644
0.4000,0.5273,0.4756,2.5364,0.1740,4,17,0.4538,5,2.2649
0.4000,0.5455,0.4439,2.5998,0.1732,3,17,0.4458,5,2.2676
0.4000,0.5636,0.4122,2.6632,0.1726,3,18,0.4128,5,2.2724
0.4000,0.5818,0.3805,2.7266,0.1725,3,18,0.3900,6,2.2795
0.4000,0.6000,0.3488,2.7900,0.1725,4,17,0.3793,6,2.2888
0.4000,0.6182,0.3171,2.8535,0.1725,4,17,0.3817,6,2.3002
0.4000,0.6364,0.2853,2.9169,0.1724,3,16,0.3970,5,2.3137
0.4000,0.6545,0.2536,2.9803,0.1720,3,16,0.4237,4,2.3022
0.4000,0.6727,0.2219,3.0437,0.1712,3,15,0.4599,4,2.2901
0.4000,0.6909,0.1902,3.1071,0.1697,3,15,0.5035,4,2.2801
0.4000,0.7091,0.1585,3.1705,0.1675,3,15,0.5357,6,2.2723
0.4000,0.7273,0.1268,3.2339,0.1647,3,14,0.5128,6,2.2667
0.4000,0.7455,0.0951,3.2973,0.1612,3,13,0.4438,6,2.2633
0.4000,0.7636,0.0634,3.3607,0.1572,3,14,0.3755,5,2.2621
0.4000,0.7818,0.0317,3.4241,0.1528,3,13,0.3083,5,2.2631
0.4000,0.8000,-0.0000,3.4876,0.1482,2,14,0.2433,5,2.2663
0.4000,0.8182,-0.0317,3.5510,0.1438,2,14,0.1826,4,2.2718
0.4000,0.8364,-0.0634,3.6144,0.1395,1,14,0.1326,4,2.2794
0.4000,0.8545,-0.0951,3.6778,0.1356,1,14,0.1089,5,2.2892
0.4000,0.8727,-0.1268,3.7412,0.1323,1,14,0.1272,5,2.3012
0.4000,0.8909,-0.1585,3.8046,0.1295,1,15,0.1728,4,2.3149
0.4000,0.9091,-0.1902,3.8680,0.1275,2,15,0.1050,4,2.3012
0.4000,0.9273,-0.2219,3.9314,0.1260,2,15,0.0474,4,2.2897
0.4000,0.9455,-0.2536,3.9948,0.1250,2,15,0.0593,5,2.2802
0.4000,0.9636,-0.2853,4.0582,0.1244,1,15,0.1218,6,2.2729
0.4000,0.9818,-0.3171,4.1217,0.1242,1,14,0.1903,6,2.2679
0.4182,0.0000,1.4584,0.7292,0.1226,2,14,0.2590,6,2.2582
0.4182,0.0182,1.4267,0.7926,0.1237,2,13,0.3295,5,2.2575
0.4182,0.0364,1.3950,0.8560,0.1251,2,14,0.4002,4,2.2591
0.4182,0.0545,1.3633,0.9194,0.1265,2,10,0.4709,4,2.2629
0.4182,0.0727,1.3316,0.9829,0.1280,2,11,0.4347,4,2.2689
0.4182,0.0909,1.2999,1.0463,0.1294,2,12,0.3710,5,2.2771
0.4182,0.1091,1.2682,1.1097,0.1309,2,12,0.3103,5,2.2875
0.4182,0.1273,1.2365,1.1731,0.1324,2,13,0.2550,6,2.3000
0.4182,0.1455,1.2048,1.2365,0.1338,2,15,0.2093,6,2.3146
0.4182,0.1636,1.1731,1.2999,0.1353,2,16,0.1806,6,2.3042
0.4182,0.1818,1.1414,1.3633,0.1369,2,16,0.1775,5,2.2932
0.4182,0.2000,1.1097,1.4267,0.1387,2,16,0.2011,4,2.2843
0.4182,0.2182,1.0780,1.4901,0.1409,3,16,0.1385,4,2.2776
0.4182,0.2364,1.0463,1.5535,0.1435,3,18,0.0704,4,2.2731
0.4182,0.2545,1.0146,1.6170,0.1467,2,17,0.0280,5,2.2708
0.4182,0.2727,0.9829,1.6804,0.1503,2,17,0.0816,6,2.2707
0.4182,0.2909,0.9512,1.7438,0.1542,2,17,0.1503,6,2.2728
0.4182,0.3091,0.9194,1.8072,0.1585,3,14,0.2204,6,2.2771
0.4182,0.3273,0.8877,1.8706,0.1629,3,14,0.2909,5,2.2837
0.4182,0.3455,0.8560,1.9340,0.1672,3,14,0.3615,5,2.2924
0.4182,0.3636,0.8243,1.9974,0.1711,3,15,0.4322,5,2.3032
0.4182,0.3818,0.7926,2.0608,0.1744,3,14,0.5030,5,2.3159
0.4182,0.4000,0.7609,2.1242,0.1770,3,15,0.5738,6,2.3011
0.4182,0.4182,0.7292,2.1876,0.1787,4,15,0.6118,6,2.2884
0.4182,0.4364,0.6975,2.2511,0.1796,4,16,0.5766,6,2.2779
0.4182,0.4545,0.6658,2.3145,0.1796,4,15,0.5483,5,2.2695
0.4182,0.4727,0.6341,2.3779,0.1789,4,17,0.5281,4,2.2633
0.4182,0.4909,0.6024,2.4413,0.1777,4,18,0.5169,4,2.2593
0.4182,0.5091,0.5707,2.5047,0.1761,3,18,0.4868,4,2.2575
0.4182,0.5273,0.5390,2.5681,0.1743,3,18,0.4341,5,2.2580
0.4182,0.5455,0.5073,2.6315,0.1726,4,17,0.3874,5,2.2607
0.4182,0.5636,0.4756,2.6949,0.1710,3,18,0.3489,6,2.2656
0.4182,0.5818,0.4439,2.7583,0.1697,3,18,0.3217,6,2.2727
0.4182,0.6000,0.4122,2.8217,0.1688,3,18,0.3086,6,2.2820
0.4182,0.6182,0.3805,2.8852,0.1680,3,16,0.3115,6,2.2934
0.4182,0.6364,0.3488,2.9486,0.1673,3,15,0.3300,5,2.3070
0.4182,0.6545,0.3171,3.0120,0.1663,3,16,0.3617,4,2.3105
0.4182,0.6727,0.2853,3.0754,0.1651,3,16,0.4035,4,2.2984
0.4182,0.6909,0.2536,3.1388,0.1634,3,15,0.4526,4,2.2885
0.4182,0.7091,0.2219,3.2022,0.1612,3,15,0.4661,5,2.2807
0.4182,0.7273,0.1902,3.2656,0.1584,3,13,0.4860,5,2.2751
0.4182,0.7455,0.1585,3.3290,0.1550,3,12,0.4663,6,2.2717
0.4182,0.7636,0.1268,3.3924,0.1512,2,13,0.4018,6,2.2705
0.4182,0.7818,0.0951,3.4558,0.1470,2,12,0.3398,5,2.2715
0.4182,0.8000,0.0634,3.5193,0.1428,2,13,0.2822,5,2.2747
0.4182,0.8182,0.0317,3.5827,0.1386,2,13,0.2319,5,2.2801
0.4182,0.8364,-0.0000,3.6461,0.1345,1,14,0.1950,5,2.2877
0.4182,0.8545,-0.0317,3.7095,0.1308,1,14,0.1797,4,2.2975
0.4182,0.8727,-0.0634,3.7729,0.1276,1,14,0.1914,4,2.3094
0.4182,0.8909,-0.0951,3.8363,0.1250,1,14,0.1712,4,2.3082
0.4182,0.9091,-0.1268,3.8997,0.1232,0,15,0.1024,4,2.2945
0.4182,0.9273,-0.1585,3.9631,0.1220,1,14,0.0412,4,2.2829
0.4182,0.9455,-0.1902,4.0265,0.1215,1,14,0.0545,6,2.2734
0.4182,0.9636,-0.2219,4.0899,0.1214,1,15,0.1196,6,2.2661
0.4182,0.9818,-0.2536,4.1534,0.1218,2,15,0.1889,6,2.2610
0.4364,0.0000,1.5218,0.7609,0.1225,2,13,0.2768,6,2.2535
0.4364,0.0182,1.4901,0.8243,0.1244,2,12,0.3436,4,2.2529
0.4364,0.0364,1.4584,0.8877,0.1267,2,13,0.4103,4,2.2544
0.4364,0.0545,1.4267,0.9512,0.1290,1,13,0.4380,4,2.2582
0.4364,0.0727,1.3950,1.0146,0.1314,2,11,0.4679,5,2.2643
0.4364,0.0909,1.3633,1.0780,0.1337,2,12,0.4093,5,2.2725
0.4364,0.1091,1.3316,1.1414,0.1360,2,12,0.3552,5,2.2829
0.4364,0.1273,1.2999,1.2048,0.1382,2,13,0.3081,6,2.2954
0.4364,0.1455,1.2682,1.2682,0.1401,2,14,0.2715,5,2.3100
0.4364,0.1636,1.2365,1.3316,0.1420,2,15,0.2500,5,2.3146
0.4364,0.1818,1.2048,1.3950,0.1438,2,16,0.2478,5,2.3037
0.4364,0.2000,1.1731,1.4584,0.1456,2,17,0.2288,4,2.2948
0.4364,0.2182,1.1414,1.5218,0.1476,3,17,0.1676,4,2.2881
0.4364,0.2364,1.1097,1.5853,0.1499,3,17,0.1177,4,2.2837
0.4364,0.2545,1.0780,1.6487,0.1527,2,17,0.0984,4,2.2814
0.4364,0.2727,1.0463,1.7121,0.1558,2,17,0.1247,6,2.2813
0.4364,0.2909,1.0146,1.7755,0.1594,4,17,0.1774,6,2.2834
0.4364,0.3091,0.9829,1.8389,0.1632,3,16,0.2397,6,2.2877
0.4364,0.3273,0.9512,1.9023,0.1671,3,16,0.3058,6,2.2942
0.4364,0.3455,0.9194,1.9657,0.1710,3,17,0.3736,5,2.3028
0.4364,0.3636,0.8877,2.0291,0.1746,3,16,0.4424,5,2.3136
0.4364,0.3818,0.8560,2.0925,0.1776,3,15,0.5118,5,2.3113
0.4364,0.4000,0.8243,2.1559,0.1799,4,15,0.5815,6,2.2965
0.4364,0.4182,0.7926,2.2194,0.1814,4,15,0.6515,6,2.2838
0.4364,0.4364,0.7609,2.2828,0.1819,4,15,0.6407,6,2.2733
0.4364,0.4545,0.7292,2.3462,0.1815,4,16,0.6153,5,2.2649
0.4364,0.4727,0.6975,2.4096,0.1802,4,16,0.5704,4,2.2587
0.4364,0.4909,0.6658,2.4730,0.1783,4,18,0.5068,4,2.2547
0.4364,0.5091,0.6341,2.5364,0.1760,3,18,0.4453,4,2.2529
0.4364,0.5273,0.6024,2.5998,0.1734,3,18,0.3871,6,2.2534
0.4364,0.5455,0.5707,2.6632,0.1708,4,18,0.3339,6,2.2561
0.4364,0.5636,0.5390,2.7266,0.1683,4,18,0.2883,6,2.2610
0.4364,0.5818,0.5073,2.7900,0.1660,3,17,0.2547,6,2.2681
0.4364,0.6000,0.4756,2.8535,0.1641,2,17,0.2379,6,2.2774
0.4364,0.6182,0.4439,2.9169,0.1626,3,17,0.2417,6,2.2889
0.4364,0.6364,0.4122,2.9803,0.1612,2,18,0.2651,4,2.3025
0.4364,0.6545,0.3805,3.0437,0.1598,2,16,0.3037,4,2.3181
0.4364,0.6727,0.3488,3.1071,0.1582,3,15,0.3524,4,2.3089
0.4364,0.6909,0.3171,3.1705,0.1564,3,15,0.3858,4,2.2990
0.4364,0.7091,0.2853,3.2339,0.1543,3,13,0.3971,5,2.2912
0.4364,0.7273,0.2536,3.2973,0.1516,2,13,0.4202,5,2.2856
0.4364,0.7455,0.2219,3.3607,0.1486,2,13,0.4533,5,2.2822
0.4364,0.7636,0.1902,3.4241,0.1452,2,11,0.4381,6,2.2810
0.4364,0.7818,0.1585,3.4876,0.1414,2,12,0.3821,5,2.2820
0.4364,0.8000,0.1268,3.5510,0.1377,2,13,0.3318,5,2.2853
0.4364,0.8182,0.0951,3.6144,0.1339,1,13,0.2903,5,2.2907
0.4364,0.8364,0.0634,3.6778,0.1303,1,14,0.2618,5,2.2982
0.4364,0.8545,0.0317,3.7412,0.1270,1,14,0.2506,5,2.3080
0.4364,0.8727,-0.0000,3.8046,0.1241,1,14,0.2591,3,2.3195
0.4364,0.8909,-0.0317,3.8680,0.1219,1,15,0.1970,4,2.3037
0.4364,0.9091,-0.0634,3.9314,0.1203,0,14,0.1414,4,2.2899
0.4364,0.9273,-0.0951,3.9948,0.1195,0,14,0.1058,5,2.2783
0.4364,0.9455,-0.1268,4.0582,0.1194,0,14,0.1117,6,2.2688
0.4364,0.9636,-0.1585,4.1217,0.1199,0,14,0.1543,6,2.2615
0.4364,0.9818,-0.1902,4.1851,0.1210,2,14,0.2126,6,2.2564
0.4545,0.0000,1.5853,0.7926,0.1238,1,14,0.3101,4,2.2511
0.4545,0.0182,1.5535,0.8560,0.1265,1,14,0.3237,4,2.2504
0.4545,0.0364,1.5218,0.9194,0.1294,1,13,0.3438,4,2.2520
0.4545,0.0545,1.4901,0.9829,0.1326,2,13,0.3764,5,2.2558
0.4545,0.0727,1.4584,1.0463,0.1357,2,12,0.4186,5,2.2619
0.4545,0.0909,1.4267,1.1097,0.1389,2,11,0.4555,5,2.2701
0.4545,0.1091,1.3950,1.1731,0.1419,2,13,0.4076,4,2.2805
0.4545,0.1273,1.3633,1.2365,0.1446,2,13,0.3672,5,2.2930
0.4545,0.1455,1.3316,1.2999,0.1470,2,13,0.3371,5,2.3077
0.4545,0.1636,1.2999,1.3633,0.1491,2,15,0.3201,5,2.3244
0.4545,0.1818,1.2682,1.4267,0.1510,2,16,0.3183,5,2.3163
0.4545,0.2000,1.2365,1.4901,0.1527,2,17,0.2670,4,2.3075
0.4545,0.2182,1.2048,1.5535,0.1545,2,17,0.2169,4,2.3008
0.4545,0.2364,1.1731,1.6170,0.1563,3,17,0.1811,4,2.2964
0.4545,0.2545,1.1414,1.6804,0.1585,2,17,0.1692,4,2.2941
0.4545,0.2727,1.1097,1.7438,0.1610,2,17,0.1858,5,2.2940
0.4545,0.2909,1.0780,1.8072,0.1639,4,17,0.2246,6,2.2961
0.4545,0.3091,1.0463,1.8706,0.1672,4,18,0.2764,6,2.3004
0.4545,0.3273,1.0146,1.9340,0.1706,3,17,0.3353,6,2.3068
0.4545,0.3455,0.9829,1.9974,0.1739,3,18,0.3982,6,2.3154
0.4545,0.3636,0.9512,2.0608,0.1769,3,17,0.4633,5,2.3259
0.4545,0.3818,0.9194,2.1242,0.1795,4,15,0.5300,5,2.3090
0.4545,0.4000,0.8877,2.1876,0.1814,4,15,0.5976,5,2.2942
0.4545,0.4182,0.8560,2.2511,0.1824,4,15,0.6659,6,2.2814
0.4545,0.4364,0.8243,2.3145,0.1825,4,15,0.6812,6,2.2709
0.4545,0.4545,0.7926,2.3779,0.1817,4,15,0.6127,5,2.2624
0.4545,0.4727,0.7609,2.4413,0.1800,4,15,0.5448,5,2.2562
0.4545,0.4909,0.7292,2.5047,0.1775,3,17,0.4778,4,2.2522
0.4545,0.5091,0.6975,2.5681,0.1745,3,18,0.4120,5,2.2505
0.4545,0.5273,0.6658,2.6315,0.1712,3,18,0.3483,5,2.2509
0.4545,0.5455,0.6341,2.6949,0.1678,4,18,0.2880,6,2.2536
0.4545,0.5636,0.6024,2.7583,0.1645,4,17,0.2336,6,2.2586
0.4545,0.5818,0.5707,2.8217,0.1615,2,17,0.1905,6,2.2657
0.4545,0.6000,0.5390,2.8852,0.1588,2,17,0.1675,6,2.2750
0.4545,0.6182,0.5073,2.9486,0.1565,3,17,0.1728,5,2.2865
0.4545,0.6364,0.4756,3.0120,0.1546,2,17,0.2043,4,2.3001
0.4545,0.6545,0.4439,3.0754,0.1528,2,17,0.2523,4,2.3158
0.4545,0.6727,0.4122,3.1388,0.1511,2,17,0.3093,4,2.3214
0.4545,0.6909,0.3805,3.2022,0.1492,2,15,0.3152,5,2.3116
0.4545,0.7091,0.3488,3.2656,0.1472,2,13,0.3288,5,2.3039
0.4545,0.7273,0.3171,3.3290,0.1449,2,13,0.3564,5,2.2983
0.4545,0.7455,0.2853,3.3924,0.1422,2,13,0.3949,5,2.2949
0.4545,0.7636,0.2536,3.4558,0.1393,2,11,0.4415,5,2.2938
0.4545,0.7818,0.2219,3.5193,0.1362,2,11,0.4319,4,2.2948
0.4545,0.8000,0.1902,3.5827,0.1331,2,13,0.3882,5,2.2980
0.4545,0.8182,0.1585,3.6461,0.1300,1,13,0.3533,5,2.3033
0.4545,0.8364,0.1268,3.7095,0.1270,1,13,0.3302,5,2.3109
0.4545,0.8545,0.0951,3.7729,0.1243,1,13,0.3215,5,2.3205
0.4545,0.8727,0.0634,3.8363,0.1220,1,14,0.2648,4,2.3172
0.4545,0.8909,0.0317,3.8997,0.1203,1,14,0.2154,3,2.3013
0.4545,0.9091,-0.0000,3.9631,0.1191,0,14,0.1809,3,2.2875
0.4545,0.9273,-0.0317,4.0265,0.1186,0,14,0.1705,5,2.2759
0.4545,0.9455,-0.0634,4.0899,0.1190,0,14,0.1790,5,2.2664
0.4545,0.9636,-0.0951,4.1534,0.1200,1,14,0.2082,5,2.2591
0.4545,0.9818,-0.1268,4.2168,0.1216,1,14,0.2544,5,2.2540
0.4727,0.0000,1.6487,0.8243,0.1264,1,13,0.2477,4,2.2509
0.4727,0.0182,1.6170,0.8877,0.1296,1,14,0.2544,4,2.2502
0.4727,0.0364,1.5853,0.9512,0.1332,1,13,0.2795,4,2.2518
0.4727,0.0545,1.5535,1.0146,0.1370,2,13,0.3187,5,2.2556
0.4727,0.0727,1.5218,1.0780,0.1408,2,12,0.3676,5,2.2617
0.4727,0.0909,1.4901,1.1414,0.1446,2,11,0.4227,5,2.2699
0.4727,0.1091,1.4584,1.2048,0.1481,2,12,0.4649,4,2.2803
0.4727,0.1273,1.4267,1.2682,0.1513,2,13,0.4299,5,2.2928
0.4727,0.1455,1.3950,1.3316,0.1540,3,13,0.4045,5,2.3075
0.4727,0.1636,1.3633,1.3950,0.1563,3,14,0.3905,5,2.3242
0.4727,0.1818,1.3316,1.4584,0.1581,3,15,0.3669,5,2.3186
0.4727,0.2000,1.2999,1.5218,0.1597,3,16,0.3167,4,2.3098
0.4727,0.2182,1.2682,1.5853,0.1611,2,17,0.2758,4,2.3032
0.4727,0.2364,1.2365,1.6487,0.1625,2,17,0.2486,4,2.2987
0.4727,0.2545,1.2048,1.7121,0.1640,3,17,0.2401,4,2.2965
0.4727,0.2727,1.1731,1.7755,0.1657,2,17,0.2520,5,2.2964
0.4727,0.2909,1.1414,1.8389,0.1679,3,18,0.2819,5,2.2985
0.4727,0.3091,1.1097,1.9023,0.1703,4,18,0.3247,6,2.3027
0.4727,0.3273,1.0780,1.9657,0.1729,3,18,0.3761,6,2.3092
0.4727,0.3455,1.0463,2.0291,0.1755,3,18,0.4331,6,2.3178
0.4727,0.3636,1.0146,2.0925,0.1778,4,18,0.4936,5,2.3257
0.4727,0.3818,0.9829,2.1559,0.1798,4,17,0.5567,5,2.3088
0.4727,0.4000,0.9512,2.2194,0.1812,4,16,0.6074,5,2.2940
0.4727,0.4182,0.9194,2.2828,0.1818,4,15,0.6312,6,2.2812
0.4727,0.4364,0.8877,2.3462,0.1815,4,15,0.6618,5,2.2707
0.4727,0.4545,0.8560,2.4096,0.1803,4,15,0.5974,5,2.2623
0.4727,0.4727,0.8243,2.4730,0.1781,3,15,0.5275,5,2.2560
0.4727,0.4909,0.7926,2.5364,0.1752,3,16,0.4580,6,2.2521
0.4727,0.5091,0.7609,2.5998,0.1718,3,16,0.3889,5,2.2503
0.4727,0.5273,0.7292,2.6632,0.1679,3,15,0.3206,5,2.2508
0.4727,0.5455,0.6975,2.7266,0.1639,3,17,0.2538,6,2.2535
0.4727,0.5636,0.6658,2.7900,0.1600,4,17,0.1899,6,2.2584
0.4727,0.5818,0.6341,2.8535,0.1564,2,17,0.1334,5,2.2655
0.4727,0.6000,0.6024,2.9169,0.1531,2,17,0.0977,5,2.2748
0.4727,0.6182,0.5707,2.9803,0.1503,3,17,0.1066,5,2.2863
0.4727,0.6364,0.5390,3.0437,0.1478,3,17,0.1524,4,2.2999
0.4727,0.6545,0.5073,3.1071,0.1458,2,17,0.2125,4,2.3156
0.4727,0.6727,0.4756,3.1705,0.1439,2,16,0.2471,4,2.3238
0.4727,0.6909,0.4439,3.2339,0.1421,2,16,0.2446,5,2.3140
0.4727,0.7091,0.4122,3.2973,0.1403,2,15,0.2620,5,2.3062
0.4727,0.7273,0.3805,3.3607,0.1384,2,13,0.2958,5,2.3007
0.4727,0.7455,0.3488,3.4241,0.1363,2,12,0.3412,5,2.2973
0.4727,0.7636,0.3171,3.4876,0.1341,2,12,0.3942,5,2.2961
0.4727,0.7818,0.2853,3.5510,0.1317,2,11,0.4521,4,2.2972
0.4727,0.8000,0.2536,3.6144,0.1294,1,12,0.4486,5,2.3003
0.4727,0.8182,0.2219,3.6778,0.1271,1,13,0.4189,5,2.3057
0.4727,0.8364,0.1902,3.7412,0.1249,2,13,0.3587,5,2.3132
0.4727,0.8545,0.1585,3.8046,0.1229,2,13,0.2912,4,2.3229
0.4727,0.8727,0.1268,3.8680,0.1213,2,13,0.2259,4,2.3170
0.4727,0.8909,0.0951,3.9314,0.1201,2,14,0.1652,4,2.3011
0.4727,0.9091,0.0634,3.9948,0.1195,0,14,0.1166,4,2.2874
0.4727,0.9273,0.0317,4.0582,0.1195,0,14,0.0998,4,2.2757
0.4727,0.9455,-0.0000,4.1217,0.1201,0,14,0.1280,5,2.2662
0.4727,0.9636,-0.0317,4.1851,0.1216,1,15,0.1813,6,2.2589
0.4727,0.9818,-0.0634,4.2485,0.1237,1,14,0.2437,5,2.2538
0.4909,0.0000,1.7121,0.8560,0.1302,1,14,0.1769,5,2.2529
0.4909,0.0182,1.6804,0.9194,0.1338,1,14,0.1862,4,2.2523
0.4909,0.0364,1.6487,0.9829,0.1378,1,13,0.2193,5,2.2539
0.4909,0.0545,1.6170,1.0463,0.1420,2,13,0.2675,5,2.2577
0.4909,0.0727,1.5853,1.1097,0.1463,2,12,0.3241,5,2.2637
0.4909,0.0909,1.5535,1.1731,0.1505,2,13,0.3855,5,2.2719
0.4909,0.1091,1.5218,1.2365,0.1544,3,12,0.4497,5,2.2823
0.4909,0.1273,1.4901,1.2999,0.1579,3,13,0.4949,6,2.2948
0.4909,0.1455,1.4584,1.3633,0.1609,3,15,0.4729,5,2.3095
0.4909,0.1636,1.4267,1.4267,0.1632,3,15,0.4610,5,2.3166
0.4909,0.1818,1.3950,1.4901,0.1650,3,16,0.4168,5,2.3056
0.4909,0.2000,1.3633,1.5535,0.1663,3,16,0.3733,4,2.2968
0.4909,0.2182,1.3316,1.6170,0.1673,3,15,0.3393,4,2.2902
0.4909,0.2364,1.2999,1.6804,0.1681,3,15,0.3176,4,2.2857
0.4909,0.2545,1.2682,1.7438,0.1688,2,17,0.3110,4,2.2834
0.4909,0.2727,1.2365,1.8072,0.1696,3,18,0.3203,5,2.2833
0.4909,0.2909,1.2048,1.8706,0.1708,3,18,0.3442,5,2.2854
0.4909,0.3091,1.1731,1.9340,0.1723,4,19,0.3801,5,2.2897
0.4909,0.3273,1.1414,1.9974,0.1739,4,18,0.4249,5,2.2962
0.4909,0.3455,1.1097,2.0608,0.1757,3,18,0.4760,6,2.3048
0.4909,0.3636,1.0780,2.1242,0.1773,4,18,0.5125,6,2.3156
0.4909,0.3818,1.0463,2.1876,0.1786,4,18,0.5215,5,2.3108
0.4909,0.4000,1.0146,2.2511,0.1794,4,16,0.5398,5,2.2960
0.4909,0.4182,0.9829,2.3145,0.1795,4,16,0.5665,5,2.2833
0.4909,0.4364,0.9512,2.3779,0.1789,4,15,0.6003,5,2.2727
0.4909,0.4545,0.9194,2.4413,0.1773,3,15,0.5903,5,2.2643
0.4909,0.4727,0.8877,2.5047,0.1749,3,14,0.5195,5,2.2581
0.4909,0.4909,0.8560,2.5681,0.1717,3,15,0.4487,6,2.2541
0.4909,0.5091,0.8243,2.6315,0.1679,3,14,0.3779,5,2.2523
0.4909,0.5273,0.7926,2.6949,0.1637,3,14,0.3072,5,2.2528
0.4909,0.5455,0.7609,2.7583,0.1593,3,14,0.2366,4,2.2555
0.4909,0.5636,0.7292,2.8217,0.1550,3,17,0.1662,5,2.2604
0.4909,0.5818,0.6975,2.8852,0.1509,2,17,0.0966,5,2.2675
0.4909,0.6000,0.6658,2.9486,0.1472,2,17,0.0331,5,2.2768
0.4909,0.6182,0.6341,3.0120,0.1440,2,17,0.0540,5,2.2883
0.4909,0.6364,0.6024,3.0754,0.1412,3,16,0.1216,4,2.3019
0.4909,0.6545,0.5707,3.1388,0.1389,2,16,0.1916,4,2.3176
0.4909,0.6727,0.5390,3.2022,0.1370,2,16,0.1778,4,2.3109
0.4909,0.6909,0.5073,3.2656,0.1354,2,16,0.1743,5,2.3010
0.4909,0.7091,0.4756,3.3290,0.1339,2,16,0.1980,5,2.2932
0.4909,0.7273,0.4439,3.3924,0.1325,2,13,0.2409,5,2.2876
0.4909,0.7455,0.4122,3.4558,0.1311,2,13,0.2949,5,2.2843
0.4909,0.7636,0.3805,3.5193,0.1296,2,12,0.3549,6,2.2831
0.4909,0.7818,0.3488,3.5827,0.1282,2,11,0.4183,5,2.2841
0.4909,0.8000,0.3171,3.6461,0.1268,2,10,0.4838,5,2.2873
0.4909,0.8182,0.2853,3.7095,0.1254,2,13,0.4165,5,2.2927
0.4909,0.8364,0.2536,3.7729,0.1240,2,13,0.3458,4,2.3002
0.4909,0.8545,0.2219,3.8363,0.1229,2,13,0.2752,4,2.3100
0.4909,0.8727,0.1902,3.8997,0.1220,2,14,0.2048,4,2.3190
0.4909,0.8909,0.1585,3.9631,0.1216,1,15,0.1350,5,2.3031
0.4909,0.9091,0.1268,4.0265,0.1215,1,14,0.0674,5,2.2894
0.4909,0.9273,0.0951,4.0899,0.1220,1,14,0.0301,5,2.2777
0.4909,0.9455,0.0634,4.1534,0.1230,0,15,0.0856,5,2.2682
0.4909,0.9636,0.0317,4.2168,0.1247,1,14,0.1543,6,2.2609
0.4909,0.9818,-0.0000,4.2802,0.1271,1,14,0.1949,5,2.2558
0.5091,0.0000,1.7755,0.8877,0.1350,1,14,0.1063,5,2.2572
0.5091,0.0182,1.7438,0.9512,0.1388,1,14,0.1211,5,2.2566
0.5091,0.0364,1.7121,1.0146,0.1430,2,14,0.1675,6,2.2581
0.5091,0.0545,1.6804,1.0780,0.1474,2,14,0.2270,5,2.2619
0.5091,0.0727,1.6487,1.1414,0.1520,3,13,0.2916,5,2.2679
0.5091,0.0909,1.6170,1.2048,0.1564,3,14,0.3587,5,2.2761
0.5091,0.1091,1.5853,1.2682,0.1605,3,13,0.4269,5,2.2865
0.5091,0.1273,1.5535,1.3316,0.1642,3,14,0.4959,5,2.2990
0.5091,0.1455,1.5218,1.3950,0.1672,3,15,0.5420,6,2.3137
0.5091,0.1636,1.4901,1.4584,0.1695,3,15,0.5169,6,2.3058
0.5091,0.1818,1.4584,1.5218,0.1711,3,15,0.4720,5,2.2948
0.5091,0.2000,1.4267,1.5853,0.1721,3,16,0.4341,4,2.2859
0.5091,0.2182,1.3950,1.6487,0.1726,3,15,0.4052,4,2.2792
0.5091,0.2364,1.3633,1.7121,0.1727,4,17,0.3873,4,2.2747
0.5091,0.2545,1.3316,1.7755,0.1726,4,17,0.3818,4,2.2724
0.5091,0.2727,1.2999,1.8389,0.1726,4,18,0.3895,5,2.2723
0.5091,0.2909,1.2682,1.9023,0.1726,3,18,0.4094,5,2.2745
0.5091,0.3091,1.2365,1.9657,0.1730,3,18,0.4400,5,2.2788
0.5091,0.3273,1.2048,2.0291,0.1737,4,17,0.4545,5,2.2853
0.5091,0.3455,1.1731,2.0925,0.1745,3,17,0.4425,5,2.2940
0.5091,0.3636,1.1414,2.1559,0.1753,4,17,0.4417,5,2.3048
0.5091,0.3818,1.1097,2.2194,0.1759,4,17,0.4522,5,2.3150
0.5091,0.4000,1.0780,2.2828,0.1761,4,16,0.4732,5,2.3002
0.5091,0.4182,1.0463,2.3462,0.1758,4,15,0.5034,5,2.2875
0.5091,0.4364,1.0146,2.4096,0.1748,3,15,0.5412,5,2.2769
0.5091,0.4545,0.9829,2.4730,0.1729,3,14,0.5852,6,2.2685
0.5091,0.4727,0.9512,2.5364,0.1703,3,14,0.5210,6,2.2623
0.5091,0.4909,0.9194,2.5998,0.1670,3,14,0.4504,6,2.2584
0.5091,0.5091,0.8877,2.6632,0.1631,3,14,0.3800,5,2.2566
0.5091,0.5273,0.8560,2.7266,0.1587,3,14,0.3098,4,2.2571
0.5091,0.5455,0.8243,2.7900,0.1542,3,14,0.2399,4,2.2598
0.5091,0.5636,0.7926,2.8535,0.1496,2,15,0.1709,4,2.2647
0.5091,0.5818,0.7609,2.9169,0.1453,1,15,0.1045,5,2.2718
0.5091,0.6000,0.7292,2.9803,0.1414,1,15,0.0519,5,2.2811
0.5091,0.6182,0.6975,3.0437,0.1379,2,15,0.0672,5,2.2925
0.5091,0.6364,0.6658,3.1071,0.1350,3,15,0.1280,4,2.3061
0.5091,0.6545,0.6341,3.1705,0.1327,2,15,0.1533,4,2.3121
0.5091,0.6727,0.6024,3.2339,0.1309,2,15,0.1106,4,2.3001
0.5091,0.6909,0.5707,3.2973,0.1295,2,15,0.1048,5,2.2901
0.5091,0.7091,0.5390,3.3607,0.1284,2,14,0.1407,5,2.2823
0.5091,0.7273,0.5073,3.4241,0.1276,2,12,0.1966,6,2.2767
0.5091,0.7455,0.4756,3.4876,0.1268,2,13,0.2600,6,2.2733
0.5091,0.7636,0.4439,3.5510,0.1262,2,13,0.3264,6,2.2721
0.5091,0.7818,0.4122,3.6144,0.1258,2,12,0.3944,5,2.2731
0.5091,0.8000,0.3805,3.6778,0.1253,2,11,0.4633,5,2.2764
0.5091,0.8182,0.3488,3.7412,0.1249,2,12,0.4177,5,2.2818
0.5091,0.8364,0.3171,3.8046,0.1246,2,13,0.3472,4,2.2894
0.5091,0.8545,0.2853,3.8680,0.1243,2,13,0.2770,4,2.2992
0.5091,0.8727,0.2536,3.9314,0.1243,1,14,0.2072,5,2.3111
0.5091,0.8909,0.2219,3.9948,0.1245,1,15,0.1386,6,2.3073
0.5091,0.9091,0.1902,4.0582,0.1250,2,15,0.0743,6,2.2936
0.5091,0.9273,0.1585,4.1217,0.1259,2,15,0.0436,5,2.2819
0.5091,0.9455,0.1268,4.1851,0.1273,2,15,0.0912,5,2.2725
0.5091,0.9636,0.0951,4.2485,0.1292,2,15,0.1575,4,2.2652
0.5091,0.9818,0.0634,4.3119,0.1318,1,15,0.1341,5,2.2601
0.5273,0.0000,1.8389,0.9194,0.1406,2,15,0.0366,5,2.2637
0.5273,0.0182,1.8072,0.9829,0.1443,1,16,0.0686,6,2.2630
0.5273,0.0364,1.7755,1.0463,0.1484,2,15,0.1346,6,2.2646
0.5273,0.0545,1.7438,1.1097,0.1528,3,14,0.2039,6,2.2684
0.5273,0.0727,1.7121,1.1731,0.1574,3,13,0.2741,5,2.2744
0.5273,0.0909,1.6804,1.2365,0.1619,3,14,0.3445,5,2.2826
0.5273,0.1091,1.6487,1.2999,0.1660,3,14,0.4151,5,2.2929
0.5273,0.1273,1.6170,1.3633,0.1697,3,14,0.4858,5,2.3054
0.5273,0.1455,1.5853,1.4267,0.1726,3,14,0.5565,6,2.3104
0.5273,0.1636,1.5535,1.4901,0.1748,3,15,0.5713,6,2.2972
0.5273,0.1818,1.5218,1.5535,0.1761,4,15,0.5310,6,2.2861
0.5273,0.2000,1.4901,1.6170,0.1767,4,15,0.4976,4,2.2772
0.5273,0.2182,1.4584,1.6804,0.1767,4,15,0.4726,4,2.2705
0.5273,0.2364,1.4267,1.7438,0.1761,4,18,0.4573,4,2.2660
0.5273,0.2545,1.3950,1.8072,0.1753,4,18,0.4527,4,2.2637
0.5273,0.2727,1.3633,1.8706,0.1743,3,18,0.4592,5,2.2636
0.5273,0.2909,1.3316,1.9340,0.1734,4,17,0.4481,5,2.2657
0.5273,0.3091,1.2999,1.9974,0.1726,3,17,0.4122,5,2.2700
0.5273,0.3273,1.2682,2.0608,0.1722,3,18,0.3862,6,2.2766
0.5273,0.3455,1.2365,2.1242,0.1721,2,17,0.3720,6,2.2853
0.5273,0.3636,1.2048,2.1876,0.1721,3,17,0.3711,6,2.2962
0.5273,0.3818,1.1731,2.2511,0.1719,3,16,0.3835,5,2.3092
0.5273,0.4000,1.1414,2.3145,0.1715,3,16,0.4080,5,2.3065
0.5273,0.4182,1.1097,2.3779,0.1707,3,16,0.4426,4,2.2939
0.5273,0.4364,1.0780,2.4413,0.1694,3,15,0.4852,4,2.2833
0.5273,0.4545,1.0463,2.5047,0.1674,3,15,0.5240,4,2.2750
0.5273,0.4727,1.0146,2.5681,0.1647,3,14,0.5321,6,2.2688
0.5273,0.4909,0.9829,2.6315,0.1614,3,13,0.4632,6,2.2648
0.5273,0.5091,0.9512,2.6949,0.1575,3,14,0.3950,6,2.2631
0.5273,0.5273,0.9194,2.7583,0.1532,3,13,0.3280,5,2.2635
0.5273,0.5455,0.8877,2.8217,0.1487,2,14,0.2631,5,2.2662
0.5273,0.5636,0.8560,2.8852,0.1442,2,13,0.2022,4,2.2711
0.5273,0.5818,0.8243,2.9486,0.1399,1,14,0.1503,4,2.2782
0.5273,0.6000,0.7926,3.0120,0.1359,1,14,0.1198,5,2.2875
0.5273,0.6182,0.7609,3.0754,0.1324,1,14,0.1271,5,2.2989
0.5273,0.6364,0.7292,3.1388,0.1295,1,15,0.1674,4,2.3124
0.5273,0.6545,0.6975,3.2022,0.1273,2,15,0.1190,4,2.3035
0.5273,0.6727,0.6658,3.2656,0.1257,1,15,0.0537,4,2.2914
0.5273,0.6909,0.6341,3.3290,0.1247,1,15,0.0405,5,2.2814
0.5273,0.7091,0.6024,3.3924,0.1241,1,15,0.1022,6,2.2736
0.5273,0.7273,0.5707,3.4558,0.1238,1,15,0.1712,6,2.2680
0.5273,0.7455,0.5390,3.5193,0.1239,2,13,0.2413,6,2.2645
0.5273,0.7636,0.5073,3.5827,0.1241,2,13,0.3118,5,2.2633
0.5273,0.7818,0.4756,3.6461,0.1246,2,13,0.3824,5,2.2644
0.5273,0.8000,0.4439,3.7095,0.1252,2,12,0.4531,5,2.2676
0.5273,0.8182,0.4122,3.7729,0.1258,2,11,0.4307,4,2.2730
0.5273,0.8364,0.3805,3.8363,0.1264,2,12,0.3628,4,2.2807
0.5273,0.8545,0.3488,3.8997,0.1271,1,13,0.2963,5,2.2905
0.5273,0.8727,0.3171,3.9631,0.1279,2,12,0.2324,5,2.3024
0.5273,0.8909,0.2853,4.0265,0.1288,2,14,0.1739,6,2.3136
0.5273,0.9091,0.2536,4.0899,0.1298,2,16,0.1287,6,2.2999
0.5273,0.9273,0.2219,4.1534,0.1311,2,16,0.1137,5,2.2883
0.5273,0.9455,0.1902,4.2168,0.1327,2,16,0.1391,4,2.2789
0.5273,0.9636,0.1585,4.2802,0.1348,3,16,0.1574,4,2.2716
0.5273,0.9818,0.1268,4.3436,0.1374,2,15,0.0896,4,2.2666
0.5455,0.0000,1.9023,0.9512,0.1466,2,17,0.0380,5,2.2724
0.5455,0.0182,1.8706,1.0146,0.1500,2,17,0.0694,6,2.2717
0.5455,0.0364,1.8389,1.0780,0.1539,3,17,0.1350,6,2.2733
0.5455,0.0545,1.8072,1.1414,0.1580,3,16,0.2042,6,2.2771
0.5455,0.0727,1.7755,1.2048,0.1624,3,14,0.2743,6,2.2830
0.5455,0.0909,1.7438,1.2682,0.1667,3,14,0.3447,5,2.2912
0.5455,0.1091,1.7121,1.3316,0.1706,3,15,0.4152,5,2.3015
0.5455,0.1273,1.6804,1.3950,0.1741,3,14,0.4859,5,2.3139
0.5455,0.1455,1.6487,1.4584,0.1768,3,15,0.5566,6,2.3039
0.5455,0.1636,1.6170,1.5218,0.1788,4,15,0.6274,6,2.2907
0.5455,0.1818,1.5853,1.5853,0.1798,4,16,0.5926,6,2.2796
0.5455,0.2000,1.5535,1.6487,0.1800,4,15,0.5629,5,2.2707
0.5455,0.2182,1.5218,1.7121,0.1794,4,16,0.5409,4,2.2639
0.5455,0.2364,1.4901,1.7755,0.1782,4,18,0.5276,4,2.2594
0.5455,0.2545,1.4584,1.8389,0.1766,3,18,0.4952,4,2.2571
0.5455,0.2727,1.4267,1.9023,0.1748,3,18,0.4408,5,2.2570
0.5455,0.2909,1.3950,1.9657,0.1729,4,18,0.3916,5,2.2591
0.5455,0.3091,1.3633,2.0291,0.1711,3,18,0.3500,6,2.2635
0.5455,0.3273,1.3316,2.0925,0.1696,3,18,0.3189,6,2.2700
0.5455,0.3455,1.2999,2.1559,0.1685,2,18,0.3016,6,2.2788
0.5455,0.3636,1.2682,2.2194,0.1676,3,17,0.3005,6,2.2897
0.5455,0.3818,1.2365,2.2828,0.1668,3,15,0.3156,6,2.3027
0.5455,0.4000,1.2048,2.3462,0.1658,3,15,0.3450,4,2.3150
0.5455,0.4182,1.1731,2.4096,0.1646,3,15,0.3854,4,2.3024
0.5455,0.4364,1.1414,2.4730,0.1630,3,14,0.4336,4,2.2919
0.5455,0.4545,1.1097,2.5364,0.1609,3,14,0.4540,5,2.2836
0.5455,0.4727,1.0780,2.5998,0.1583,3,13,0.4717,5,2.2775
0.5455,0.4909,1.0463,2.6632,0.1551,3,12,0.4860,6,2.2735
0.5455,0.5091,1.0146,2.7266,0.1514,2,12,0.4216,6,2.2718
0.5455,0.5273,0.9829,2.7900,0.1474,2,12,0.3596,5,2.2722
0.5455,0.5455,0.9512,2.8535,0.1432,2,13,0.3015,5,2.2749
0.5455,0.5636,0.9194,2.9169,0.1390,2,13,0.2501,5,2.2798
0.5455,0.5818,0.8877,2.9803,0.1349,1,14,0.2104,5,2.2868
0.5455,0.6000,0.8560,3.0437,0.1312,1,14,0.1899,4,2.2961
0.5455,0.6182,0.8243,3.1071,0.1279,1,13,0.1946,5,2.3074
0.5455,0.6364,0.7926,3.1705,0.1251,1,14,0.1903,4,2.3113
0.5455,0.6545,0.7609,3.2339,0.1231,1,15,0.1220,4,2.2970
0.5455,0.6727,0.7292,3.2973,0.1219,0,14,0.0599,4,2.2849
0.5455,0.6909,0.6975,3.3607,0.1212,1,14,0.0485,6,2.2749
0.5455,0.7091,0.6658,3.4241,0.1211,1,14,0.1057,6,2.2670
0.5455,0.7273,0.6341,3.4876,0.1215,2,14,0.1733,6,2.2614
0.5455,0.7455,0.6024,3.5510,0.1223,2,14,0.2428,6,2.2580
0.5455,0.7636,0.5707,3.6144,0.1234,2,13,0.3129,5,2.2568
0.5455,0.7818,0.5390,3.6778,0.1248,2,13,0.3833,4,2.2578
0.5455,0.8000,0.5073,3.7412,0.1264,2,12,0.4539,4,2.2610
0.5455,0.8182,0.4756,3.8046,0.1279,2,11,0.4545,4,2.2665
0.5455,0.8364,0.4439,3.8680,0.1295,2,12,0.3908,5,2.2741
0.5455,0.8545,0.4122,3.9314,0.1311,2,12,0.3300,5,2.2840
0.5455,0.8727,0.3805,3.9948,0.1327,2,13,0.2740,5,2.2960
0.5455,0.8909,0.3488,4.0582,0.1342,2,14,0.2266,6,2.3100
0.5455,0.9091,0.3171,4.1217,0.1357,2,16,0.1941,6,2.3085
0.5455,0.9273,0.2853,4.1851,0.1373,2,16,0.1845,5,2.2969
0.5455,0.9455,0.2536,4.2485,0.1391,2,16,0.2011,4,2.2875
0.5455,0.9636,0.2219,4.3119,0.1411,3,16,0.1577,4,2.2803
0.5455,0.9818,0.1902,4.3753,0.1436,3,18,0.0902,4,2.2752
0.5636,0.0000,1.9657,0.9829,0.1527,2,17,0.1077,4,2.2832
0.5636,0.0182,1.9340,1.0463,0.1557,2,17,0.1223,6,2.2826
0.5636,0.0364,1.9023,1.1097,0.1591,4,17,0.1685,6,2.2841
0.5636,0.0545,1.8706,1.1731,0.1628,3,17,0.2277,6,2.2879
0.5636,0.0727,1.8389,1.2365,0.1666,3,16,0.2922,6,2.2938
0.5636,0.0909,1.8072,1.2999,0.1705,3,17,0.3591,5,2.3019
0.5636,0.1091,1.7755,1.3633,0.1741,3,16,0.4273,5,2.3122
0.5636,0.1273,1.7438,1.4267,0.1773,3,15,0.4962,5,2.3150
0.5636,0.1455,1.7121,1.4901,0.1797,4,15,0.5657,6,2.2996
0.5636,0.1636,1.6804,1.5535,0.1813,4,15,0.6354,6,2.2864
0.5636,0.1818,1.6487,1.6170,0.1820,4,15,0.6561,6,2.2753
0.5636,0.2000,1.6170,1.6804,0.1818,4,15,0.6294,5,2.2663
0.5636,0.2182,1.5853,1.7438,0.1807,4,16,0.5831,5,2.2596
0.5636,0.2364,1.5535,1.8072,0.1789,4,17,0.5185,4,2.2550
0.5636,0.2545,1.5218,1.8706,0.1765,3,18,0.4559,4,2.2527
0.5636,0.2727,1.4901,1.9340,0.1739,3,18,0.3961,5,2.2526
0.5636,0.2909,1.4584,1.9974,0.1712,4,17,0.3406,6,2.2548
0.5636,0.3091,1.4267,2.0608,0.1685,4,18,0.2918,6,2.2591
0.5636,0.3273,1.3950,2.1242,0.1661,3,17,0.2537,6,2.2657
0.5636,0.3455,1.3633,2.1876,0.1639,2,17,0.2316,6,2.2745
0.5636,0.3636,1.3316,2.2511,0.1623,3,17,0.2300,6,2.2854
0.5636,0.3818,1.2999,2.3145,0.1607,2,18,0.2495,5,2.2985
0.5636,0.4000,1.2682,2.3779,0.1593,2,17,0.2858,4,2.3136
0.5636,0.4182,1.2365,2.4413,0.1577,2,15,0.3334,4,2.3131
0.5636,0.4364,1.2048,2.5047,0.1560,3,15,0.3762,4,2.3027
0.5636,0.4545,1.1731,2.5681,0.1539,2,13,0.3844,5,2.2944
0.5636,0.4727,1.1414,2.6315,0.1515,2,13,0.4052,5,2.2883
0.5636,0.4909,1.1097,2.6949,0.1486,2,13,0.4365,5,2.2843
0.5636,0.5091,1.0780,2.7583,0.1453,2,11,0.4577,5,2.2826
0.5636,0.5273,1.0463,2.8217,0.1417,2,12,0.4013,5,2.2831
0.5636,0.5455,1.0146,2.8852,0.1380,2,12,0.3502,5,2.2857
0.5636,0.5636,0.9829,2.9486,0.1343,2,13,0.3071,5,2.2906
0.5636,0.5818,0.9512,3.0120,0.1307,1,14,0.2757,5,2.2976
0.5636,0.6000,0.9194,3.0754,0.1274,1,14,0.2604,5,2.3068
0.5636,0.6182,0.8877,3.1388,0.1244,1,13,0.2638,3,2.3181
0.5636,0.6364,0.8560,3.2022,0.1221,1,15,0.2168,3,2.3070
0.5636,0.6545,0.8243,3.2656,0.1204,0,14,0.1601,4,2.2927
0.5636,0.6727,0.7926,3.3290,0.1194,0,14,0.1198,5,2.2806
0.5636,0.6909,0.7609,3.3924,0.1192,0,14,0.1145,5,2.2705
0.5636,0.7091,0.7292,3.4558,0.1196,0,14,0.1481,6,2.2627
0.5636,0.7273,0.6975,3.5193,0.1206,1,14,0.2020,6,2.2570
0.5636,0.7455,0.6658,3.5827,0.1221,2,13,0.2640,6,2.2536
0.5636,0.7636,0.6341,3.6461,0.1241,2,12,0.3297,4,2.2524
0.5636,0.7818,0.6024,3.7095,0.1263,1,13,0.3966,4,2.2534
0.5636,0.8000,0.5707,3.7729,0.1288,1,13,0.4222,4,2.2567
0.5636,0.8182,0.5390,3.8363,0.1312,2,11,0.4574,5,2.2621
0.5636,0.8364,0.5073,3.8997,0.1337,2,11,0.4288,5,2.2698
0.5636,0.8545,0.4756,3.9631,0.1361,2,12,0.3742,5,2.2797
0.5636,0.8727,0.4439,4.0265,0.1384,2,13,0.3259,5,2.2917
0.5636,0.8909,0.4122,4.0899,0.1405,2,14,0.2872,5,2.3058
0.5636,0.9091,0.3805,4.1534,0.1424,2,15,0.2623,5,2.3192
0.5636,0.9273,0.3488,4.2168,0.1442,2,16,0.2553,5,2.3077
0.5636,0.9455,0.3171,4.2802,0.1460,2,16,0.2486,4,2.2983
0.5636,0.9636,0.2853,4.3436,0.1480,2,17,0.1872,4,2.2911
0.5636,0.9818,0.2536,4.4070,0.1501,3,18,0.1352,4,2.2860
0.5818,0.0000,2.0291,1.0146,0.1586,3,17,0.1784,4,2.2962
0.5818,0.0182,1.9974,1.0780,0.1610,2,17,0.1875,5,2.2956
0.5818,0.0364,1.9657,1.1414,0.1638,3,17,0.2204,6,2.2971
0.5818,0.0545,1.9340,1.2048,0.1668,4,18,0.2684,6,2.3008
0.5818,0.0727,1.9023,1.2682,0.1701,3,17,0.3249,6,2.3067
0.5818,0.0909,1.8706,1.3316,0.1734,3,18,0.3862,6,2.3148
0.5818,0.1091,1.8389,1.3950,0.1764,3,17,0.4503,5,2.3250
0.5818,0.1273,1.8072,1.4584,0.1791,4,17,0.5162,5,2.3129
0.5818,0.1455,1.7755,1.5218,0.1811,4,15,0.5833,5,2.2975
0.5818,0.1636,1.7438,1.5853,0.1823,4,15,0.6511,6,2.2843
0.5818,0.1818,1.7121,1.6487,0.1826,4,15,0.6964,6,2.2732
0.5818,0.2000,1.6804,1.7121,0.1819,4,15,0.6275,5,2.2642
0.5818,0.2182,1.6487,1.7755,0.1803,4,15,0.5591,5,2.2574
0.5818,0.2364,1.6170,1.8389,0.1780,3,17,0.4915,4,2.2529
0.5818,0.2545,1.5853,1.9023,0.1751,3,17,0.4249,5,2.2506
0.5818,0.2727,1.5535,1.9657,0.1717,3,18,0.3600,5,2.2505
0.5818,0.2909,1.5218,2.0291,0.1683,3,17,0.2979,6,2.2526
0.5818,0.3091,1.4901,2.0925,0.1648,4,17,0.2405,6,2.2570
0.5818,0.3273,1.4584,2.1559,0.1616,3,17,0.1925,6,2.2636
0.5818,0.3455,1.4267,2.2194,0.1588,2,17,0.1622,6,2.2723
0.5818,0.3636,1.3950,2.2828,0.1563,3,17,0.1601,5,2.2833
0.5818,0.3818,1.3633,2.3462,0.1543,3,18,0.1870,5,2.2963
0.5818,0.4000,1.3316,2.4096,0.1524,2,17,0.2332,4,2.3115
0.5818,0.4182,1.2999,2.4730,0.1506,2,17,0.2895,4,2.3259
0.5818,0.4364,1.2682,2.5364,0.1488,2,15,0.3053,4,2.3156
0.5818,0.4545,1.2365,2.5998,0.1468,2,13,0.3154,5,2.3073
0.5818,0.4727,1.2048,2.6632,0.1446,2,13,0.3404,5,2.3012
0.5818,0.4909,1.1731,2.7266,0.1421,2,13,0.3772,5,2.2973
0.5818,0.5091,1.1414,2.7900,0.1394,2,12,0.4227,5,2.2956
0.5818,0.5273,1.1097,2.8535,0.1364,2,11,0.4504,4,2.2960
0.5818,0.5455,1.0780,2.9169,0.1334,2,12,0.4055,4,2.2987
0.5818,0.5636,1.0463,2.9803,0.1303,1,13,0.3690,5,2.3035
0.5818,0.5818,1.0146,3.0437,0.1274,1,13,0.3433,5,2.3105
0.5818,0.6000,0.9829,3.1071,0.1247,1,13,0.3311,6,2.3196
0.5818,0.6182,0.9512,3.1705,0.1223,1,13,0.2733,5,2.3213
0.5818,0.6364,0.9194,3.2339,0.1205,1,14,0.2201,4,2.3050
0.5818,0.6545,0.8877,3.2973,0.1193,0,14,0.1796,4,2.2906
0.5818,0.6727,0.8560,3.3607,0.1187,0,14,0.1616,4,2.2785
0.5818,0.6909,0.8243,3.4241,0.1188,0,14,0.1733,5,2.2684
0.5818,0.7091,0.7926,3.4876,0.1198,1,14,0.2067,5,2.2606
0.5818,0.7273,0.7609,3.5510,0.1213,1,14,0.2482,5,2.2549
0.5818,0.7455,0.7292,3.6144,0.1234,1,14,0.3009,4,2.2515
0.5818,0.7636,0.6975,3.6778,0.1261,1,14,0.3122,4,2.2502
0.5818,0.7818,0.6658,3.7412,0.1291,1,13,0.3292,4,2.2513
0.5818,0.8000,0.6341,3.8046,0.1323,1,13,0.3596,5,2.2545
0.5818,0.8182,0.6024,3.8680,0.1355,2,12,0.4004,5,2.2600
0.5818,0.8364,0.5707,3.9314,0.1388,2,11,0.4488,5,2.2677
0.5818,0.8545,0.5390,3.9948,0.1419,2,12,0.4257,4,2.2775
0.5818,0.8727,0.5073,4.0582,0.1447,2,13,0.3840,4,2.2895
0.5818,0.8909,0.4756,4.1217,0.1473,2,13,0.3517,5,2.3037
0.5818,0.9091,0.4439,4.1851,0.1495,2,14,0.3317,5,2.3199
0.5818,0.9273,0.4122,4.2485,0.1514,2,16,0.3262,5,2.3205
0.5818,0.9455,0.3805,4.3119,0.1532,2,17,0.2864,4,2.3112
0.5818,0.9636,0.3488,4.3753,0.1549,2,17,0.2350,4,2.3040
0.5818,0.9818,0.3171,4.4387,0.1567,3,17,0.1962,4,2.2990
0.6000,0.0000,2.0925,1.0463,0.1643,3,17,0.2491,4,2.2951
0.6000,0.0182,2.0608,1.1097,0.1658,2,17,0.2558,5,2.2944
0.6000,0.0364,2.0291,1.1731,0.1677,3,18,0.2808,5,2.2960
0.6000,0.0545,1.9974,1.2365,0.1700,4,19,0.3199,5,2.2997
0.6000,0.0727,1.9657,1.2999,0.1725,4,18,0.3686,6,2.3056
0.6000,0.0909,1.9340,1.3633,0.1749,3,18,0.4236,6,2.3137
0.6000,0.1091,1.9023,1.4267,0.1773,3,18,0.4827,6,2.3239
0.6000,0.1273,1.8706,1.4901,0.1793,4,18,0.5447,5,2.3130
0.6000,0.1455,1.8389,1.5535,0.1808,4,16,0.5941,5,2.2976
0.6000,0.1636,1.8072,1.6170,0.1816,4,15,0.6163,5,2.2844
0.6000,0.1818,1.7755,1.6804,0.1814,4,15,0.6457,5,2.2732
0.6000,0.2000,1.7438,1.7438,0.1804,4,15,0.6136,5,2.2643
0.6000,0.2182,1.7121,1.8072,0.1784,4,15,0.5435,5,2.2575
0.6000,0.2364,1.6804,1.8706,0.1757,3,16,0.4736,5,2.2530
0.6000,0.2545,1.6487,1.9340,0.1723,3,16,0.4041,5,2.2507
0.6000,0.2727,1.6170,1.9974,0.1684,3,15,0.3352,5,2.2506
0.6000,0.2909,1.5853,2.0608,0.1644,3,17,0.2673,5,2.2527
0.6000,0.3091,1.5535,2.1242,0.1604,3,17,0.2015,6,2.2571
0.6000,0.3273,1.5218,2.1876,0.1566,2,17,0.1408,5,2.2636
0.6000,0.3455,1.4901,2.2511,0.1532,2,17,0.0952,5,2.2724
0.6000,0.3636,1.4584,2.3145,0.1502,3,17,0.0915,5,2.2834
0.6000,0.3818,1.4267,2.3779,0.1476,3,18,0.1331,5,2.2964
0.6000,0.4000,1.3950,2.4413,0.1454,2,17,0.1927,4,2.3116
0.6000,0.4182,1.3633,2.5047,0.1435,2,16,0.2423,4,2.3249
0.6000,0.4364,1.3316,2.5681,0.1417,2,16,0.2344,4,2.3145
0.6000,0.4545,1.2999,2.6315,0.1399,2,15,0.2475,5,2.3062
0.6000,0.4727,1.2682,2.6949,0.1381,2,14,0.2786,5,2.3001
0.6000,0.4909,1.2365,2.7583,0.1361,2,12,0.3225,5,2.2962
0.6000,0.5091,1.2048,2.8217,0.1340,2,12,0.3748,5,2.2945
0.6000,0.5273,1.1731,2.8852,0.1318,2,11,0.4324,4,2.2949
0.6000,0.5455,1.1414,2.9486,0.1296,1,11,0.4651,5,2.2976
0.6000,0.5636,1.1097,3.0120,0.1274,2,13,0.4336,5,2.3024
0.6000,0.5818,1.0780,3.0754,0.1252,2,12,0.3735,5,2.3094
0.6000,0.6000,1.0463,3.1388,0.1232,2,13,0.3052,4,2.3186
0.6000,0.6182,1.0146,3.2022,0.1216,2,13,0.2384,4,2.3214
0.6000,0.6364,0.9829,3.2656,0.1205,2,14,0.1749,4,2.3050
0.6000,0.6545,0.9512,3.3290,0.1198,0,14,0.1200,4,2.2907
0.6000,0.6727,0.9194,3.3924,0.1197,0,14,0.0908,4,2.2785
0.6000,0.6909,0.8877,3.4558,0.1202,0,14,0.1103,5,2.2685
0.6000,0.7091,0.8560,3.5193,0.1214,1,15,0.1616,6,2.2606
0.6000,0.7273,0.8243,3.5827,0.1234,1,14,0.2239,6,2.2550
0.6000,0.7455,0.7926,3.6461,0.1261,1,13,0.2403,4,2.2515
0.6000,0.7636,0.7609,3.7095,0.1293,1,14,0.2421,4,2.2503
0.6000,0.7818,0.7292,3.7729,0.1328,1,13,0.2637,4,2.2514
0.6000,0.8000,0.6975,3.8363,0.1366,2,13,0.3008,5,2.2546
0.6000,0.8182,0.6658,3.8997,0.1405,2,12,0.3485,5,2.2601
0.6000,0.8364,0.6341,3.9631,0.1444,2,12,0.4032,5,2.2678
0.6000,0.8545,0.6024,4.0265,0.1480,2,12,0.4622,4,2.2776
0.6000,0.8727,0.5707,4.0899,0.1513,2,13,0.4457,4,2.2896
0.6000,0.8909,0.5390,4.1534,0.1542,3,13,0.4183,5,2.3038
0.6000,0.9091,0.5073,4.2168,0.1566,3,14,0.4016,5,2.3200
0.6000,0.9273,0.4756,4.2802,0.1586,3,15,0.3862,5,2.3194
0.6000,0.9455,0.4439,4.3436,0.1602,3,15,0.3351,5,2.3101
0.6000,0.9636,0.4122,4.4070,0.1616,3,17,0.2924,4,2.3029
0.6000,0.9818,0.3805,4.4704,0.1629,2,17,0.2622,4,2.2979
0.6182,0.0000,2.1559,1.0780,0.1692,3,16,0.3200,4,2.2823
0.6182,0.0182,2.1242,1.1414,0.1699,2,18,0.3252,5,2.2816
0.6182,0.0364,2.0925,1.2048,0.1708,3,18,0.3452,5,2.2832
0.6182,0.0545,2.0608,1.2682,0.1721,3,19,0.3777,5,2.2869
0.6182,0.0727,2.0291,1.3316,0.1736,4,18,0.4197,5,2.2929
0.6182,0.0909,1.9974,1.3950,0.1752,3,18,0.4687,5,2.3010
0.6182,0.1091,1.9657,1.4584,0.1768,4,18,0.5029,6,2.3113
0.6182,0.1273,1.9340,1.5218,0.1781,4,18,0.5096,5,2.3152
0.6182,0.1455,1.9023,1.5853,0.1789,4,16,0.5260,5,2.2999
0.6182,0.1636,1.8706,1.6487,0.1792,4,16,0.5510,5,2.2866
0.6182,0.1818,1.8389,1.7121,0.1787,4,16,0.5836,5,2.2755
0.6182,0.2000,1.8072,1.7755,0.1773,4,15,0.6077,5,2.2666
0.6182,0.2182,1.7755,1.8389,0.1751,3,14,0.5368,5,2.2598
0.6182,0.2364,1.7438,1.9023,0.1720,3,14,0.4660,6,2.2553
0.6182,0.2545,1.7121,1.9657,0.1684,3,15,0.3951,5,2.2530
0.6182,0.2727,1.6804,2.0291,0.1642,3,14,0.3243,5,2.2529
0.6182,0.2909,1.6487,2.0925,0.1598,3,14,0.2535,4,2.2550
0.6182,0.3091,1.6170,2.1559,0.1554,3,16,0.1828,5,2.2594
0.6182,0.3273,1.5853,2.2194,0.1512,2,17,0.1123,5,2.2660
0.6182,0.3455,1.5535,2.2828,0.1474,2,17,0.0432,5,2.2747
0.6182,0.3636,1.5218,2.3462,0.1439,2,17,0.0342,5,2.2856
0.6182,0.3818,1.4901,2.4096,0.1410,3,16,0.1026,5,2.2987
0.6182,0.4000,1.4584,2.4730,0.1386,3,16,0.1730,4,2.3139
0.6182,0.4182,1.4267,2.5364,0.1367,2,16,0.1747,4,2.3122
0.6182,0.4364,1.3950,2.5998,0.1350,2,16,0.1636,5,2.3018
0.6182,0.4545,1.3633,2.6632,0.1335,2,16,0.1819,5,2.2935
0.6182,0.4727,1.3316,2.7266,0.1322,2,13,0.2223,5,2.2874
0.6182,0.4909,1.2999,2.7900,0.1308,2,13,0.2754,5,2.2834
0.6182,0.5091,1.2682,2.8535,0.1295,2,12,0.3351,6,2.2817
0.6182,0.5273,1.2365,2.9169,0.1281,2,12,0.3985,5,2.2821
0.6182,0.5455,1.2048,2.9803,0.1268,2,11,0.4641,5,2.2848
0.6182,0.5636,1.1731,3.0437,0.1256,2,13,0.4337,5,2.2896
0.6182,0.5818,1.1414,3.1071,0.1243,2,13,0.3629,5,2.2967
0.6182,0.6000,1.1097,3.1705,0.1232,2,13,0.2921,4,2.3059
0.6182,0.6182,1.0780,3.2339,0.1224,2,14,0.2214,4,2.3172
0.6182,0.6364,1.0463,3.2973,0.1219,1,15,0.1509,5,2.3073
0.6182,0.6545,1.0146,3.3607,0.1218,1,15,0.0812,6,2.2930
0.6182,0.6727,0.9829,3.4241,0.1222,1,14,0.0211,5,2.2808
0.6182,0.6909,0.9512,3.4876,0.1232,0,15,0.0660,5,2.2708
0.6182,0.7091,0.9194,3.5510,0.1247,1,14,0.1353,5,2.2629
0.6182,0.7273,0.8877,3.6144,0.1269,1,14,0.1954,5,2.2573
0.6182,0.7455,0.8560,3.6778,0.1299,1,14,0.1702,5,2.2539
0.6182,0.7636,0.8243,3.7412,0.1335,1,14,0.1727,5,2.2527
0.6182,0.7818,0.7926,3.8046,0.1374,1,14,0.2018,5,2.2537
0.6182,0.8000,0.7609,3.8680,0.1416,2,13,0.2484,5,2.2569
0.6182,0.8182,0.7292,3.9314,0.1459,2,12,0.3044,5,2.2624
0.6182,0.8364,0.6975,3.9948,0.1502,2,12,0.3657,5,2.2701
0.6182,0.8545,0.6658,4.0582,0.1543,3,12,0.4300,5,2.2799
0.6182,0.8727,0.6341,4.1217,0.1579,3,13,0.4960,5,2.2919
0.6182,0.8909,0.6024,4.1851,0.1610,3,15,0.4860,6,2.3060
0.6182,0.9091,0.5707,4.2485,0.1635,3,15,0.4718,5,2.3182
0.6182,0.9273,0.5390,4.3119,0.1654,3,15,0.4353,5,2.3067
0.6182,0.9455,0.5073,4.3753,0.1668,3,16,0.3906,5,2.2974
0.6182,0.9636,0.4756,4.4387,0.1678,3,16,0.3547,4,2.2901
0.6182,0.9818,0.4439,4.5021,0.1686,3,16,0.3303,4,2.2851
0.6364,0.0000,2.2194,1.1097,0.1731,4,17,0.3908,4,2.2716
0.6364,0.0182,2.1876,1.1731,0.1729,3,17,0.3951,5,2.2709
0.6364,0.0364,2.1559,1.2365,0.1728,3,18,0.4117,5,2.2725
0.6364,0.0545,2.1242,1.2999,0.1729,3,19,0.4393,5,2.2763
0.6364,0.0727,2.0925,1.3633,0.1735,4,17,0.4507,5,2.2823
0.6364,0.0909,2.0608,1.4267,0.1741,3,17,0.4357,5,2.2904
0.6364,0.1091,2.0291,1.4901,0.1748,4,17,0.4320,5,2.3007
0.6364,0.1273,1.9974,1.5535,0.1754,4,17,0.4399,5,2.3132
0.6364,0.1455,1.9657,1.6170,0.1756,4,15,0.4587,5,2.3043
0.6364,0.1636,1.9340,1.6804,0.1754,4,15,0.4872,4,2.2911
0.6364,0.1818,1.9023,1.7438,0.1745,3,15,0.5238,4,2.2800
0.6364,0.2000,1.8706,1.8072,0.1728,3,15,0.5669,5,2.2711
0.6364,0.2182,1.8389,1.8706,0.1704,3,14,0.5395,6,2.2644
0.6364,0.2364,1.8072,1.9340,0.1672,3,14,0.4690,6,2.2598
0.6364,0.2545,1.7755,1.9974,0.1634,3,14,0.3987,6,2.2575
0.6364,0.2727,1.7438,2.0608,0.1592,3,14,0.3287,5,2.2574
0.6364,0.2909,1.7121,2.1242,0.1546,3,14,0.2591,4,2.2596
0.6364,0.3091,1.6804,2.1876,0.1501,2,14,0.1904,4,2.2639
0.6364,0.3273,1.6487,2.2511,0.1457,2,15,0.1244,5,2.2705
0.6364,0.3455,1.6170,2.3145,0.1416,1,15,0.0687,5,2.2792
0.6364,0.3636,1.5853,2.3779,0.1380,2,15,0.0634,5,2.2901
0.6364,0.3818,1.5535,2.4413,0.1349,2,15,0.1157,4,2.3032
0.6364,0.4000,1.5218,2.5047,0.1325,3,15,0.1618,4,2.3143
0.6364,0.4182,1.4901,2.5681,0.1306,2,15,0.1113,4,2.3017
0.6364,0.4364,1.4584,2.6315,0.1291,2,15,0.0929,5,2.2912
0.6364,0.4545,1.4267,2.6949,0.1280,2,15,0.1222,5,2.2829
0.6364,0.4727,1.3950,2.7583,0.1272,2,15,0.1769,6,2.2767
0.6364,0.4909,1.3633,2.8217,0.1265,2,13,0.2402,6,2.2727
0.6364,0.5091,1.3316,2.8852,0.1260,2,13,0.3068,6,2.2710
0.6364,0.5273,1.2999,2.9486,0.1256,2,12,0.3750,5,2.2715
0.6364,0.5455,1.2682,3.0120,0.1253,2,11,0.4441,5,2.2741
0.6364,0.5636,1.2365,3.0754,0.1250,2,12,0.4363,5,2.2790
0.6364,0.5818,1.2048,3.1388,0.1248,2,13,0.3660,4,2.2861
0.6364,0.6000,1.1731,3.2022,0.1246,2,13,0.2959,4,2.2953
0.6364,0.6182,1.1414,3.2656,0.1246,2,13,0.2265,5,2.3067
0.6364,0.6364,1.1097,3.3290,0.1249,1,15,0.1582,6,2.3117
0.6364,0.6545,1.0780,3.3924,0.1254,2,15,0.0940,6,2.2975
0.6364,0.6727,1.0463,3.4558,0.1262,2,15,0.0519,5,2.2853
0.6364,0.6909,1.0146,3.5193,0.1275,2,15,0.0812,5,2.2753
0.6364,0.7091,0.9829,3.5827,0.1293,3,15,0.1434,4,2.2675
0.6364,0.7273,0.9512,3.6461,0.1317,1,15,0.1394,5,2.2618
0.6364,0.7455,0.9194,3.7095,0.1348,1,14,0.1011,5,2.2584
0.6364,0.7636,0.8877,3.7729,0.1385,1,14,0.1053,5,2.2572
0.6364,0.7818,0.8560,3.8363,0.1426,1,14,0.1483,6,2.2582
0.6364,0.8000,0.8243,3.8997,0.1470,2,14,0.2072,5,2.2615
0.6364,0.8182,0.7926,3.9631,0.1515,2,13,0.2719,5,2.2669
0.6364,0.8364,0.7609,4.0265,0.1560,3,14,0.3391,5,2.2746
0.6364,0.8545,0.7292,4.0899,0.1603,3,14,0.4076,5,2.2844
0.6364,0.8727,0.6975,4.1534,0.1641,3,14,0.4767,5,2.2964
0.6364,0.8909,0.6658,4.2168,0.1672,3,14,0.5463,6,2.3105
0.6364,0.9091,0.6341,4.2802,0.1697,3,15,0.5355,6,2.3077
0.6364,0.9273,0.6024,4.3436,0.1715,3,15,0.4897,5,2.2962
0.6364,0.9455,0.5707,4.4070,0.1726,3,16,0.4505,5,2.2867
0.6364,0.9636,0.5390,4.4704,0.1731,3,16,0.4197,4,2.2795
0.6364,0.9818,0.5073,4.5338,0.1732,4,16,0.3993,4,2.2744
0.6545,0.0000,2.2828,1.1414,0.1758,4,18,0.4617,4,2.2631
0.6545,0.0182,2.2511,1.2048,0.1747,3,18,0.4653,5,2.2624
0.6545,0.0364,2.2194,1.2682,0.1736,4,18,0.4512,5,2.2640
0.6545,0.0545,2.1876,1.3316,0.1727,3,18,0.4126,5,2.2678
0.6545,0.0727,2.1559,1.3950,0.1721,3,17,0.3833,6,2.2738
0.6545,0.0909,2.1242,1.4584,0.1718,2,18,0.3656,6,2.2820
0.6545,0.1091,2.0925,1.5218,0.1716,3,17,0.3612,6,2.2923
0.6545,0.1273,2.0608,1.5853,0.1714,3,16,0.3705,6,2.3048
0.6545,0.1455,2.0291,1.6487,0.1710,3,16,0.3926,5,2.3110
0.6545,0.1636,1.9974,1.7121,0.1703,3,16,0.4256,4,2.2978
0.6545,0.1818,1.9657,1.7755,0.1690,3,15,0.4670,4,2.2867
0.6545,0.2000,1.9340,1.8389,0.1672,3,15,0.5128,4,2.2778
0.6545,0.2182,1.9023,1.9023,0.1647,3,15,0.5261,6,2.2711
0.6545,0.2364,1.8706,1.9657,0.1615,3,13,0.4826,6,2.2666
0.6545,0.2545,1.8389,2.0291,0.1578,3,13,0.4146,6,2.2643
0.6545,0.2727,1.8072,2.0925,0.1536,3,14,0.3477,5,2.2642
0.6545,0.2909,1.7755,2.1559,0.1491,2,13,0.2829,5,2.2663
0.6545,0.3091,1.7438,2.2194,0.1446,2,13,0.2217,5,2.2707
0.6545,0.3273,1.7121,2.2828,0.1403,1,14,0.1684,4,2.2772
0.6545,0.3455,1.6804,2.3462,0.1362,1,14,0.1328,5,2.2859
0.6545,0.3636,1.6487,2.4096,0.1326,1,14,0.1301,5,2.2968
0.6545,0.3818,1.6170,2.4730,0.1295,1,14,0.1621,4,2.3098
0.6545,0.4000,1.5853,2.5364,0.1272,1,15,0.1345,4,2.3059
0.6545,0.4182,1.5535,2.5998,0.1255,1,15,0.0656,4,2.2933
0.6545,0.4364,1.5218,2.6632,0.1244,1,16,0.0234,4,2.2828
0.6545,0.4545,1.4901,2.7266,0.1237,1,15,0.0827,6,2.2744
0.6545,0.4727,1.4584,2.7900,0.1235,1,15,0.1523,6,2.2682
0.6545,0.4909,1.4267,2.8535,0.1235,2,14,0.2227,6,2.2642
0.6545,0.5091,1.3950,2.9169,0.1238,2,13,0.2934,6,2.2625
0.6545,0.5273,1.3633,2.9803,0.1244,2,13,0.3641,5,2.2630
0.6545,0.5455,1.3316,3.0437,0.1251,2,13,0.4349,5,2.2656
0.6545,0.5636,1.2999,3.1071,0.1258,2,11,0.4501,4,2.2705
0.6545,0.5818,1.2682,3.1705,0.1265,2,12,0.3824,4,2.2776
0.6545,0.6000,1.2365,3.2339,0.1273,2,13,0.3160,5,2.2869
0.6545,0.6182,1.2048,3.2973,0.1282,2,12,0.2521,5,2.2983
0.6545,0.6364,1.1731,3.3607,0.1292,2,13,0.1932,6,2.3118
0.6545,0.6545,1.1414,3.4241,0.1302,2,16,0.1454,6,2.3041
0.6545,0.6727,1.1097,3.4876,0.1315,2,16,0.1224,6,2.2920
0.6545,0.6909,1.0780,3.5510,0.1330,2,16,0.1375,4,2.2820
0.6545,0.7091,1.0463,3.6144,0.1350,3,16,0.1732,4,2.2742
0.6545,0.7273,1.0146,3.6778,0.1375,3,16,0.1036,4,2.2686
0.6545,0.7455,0.9829,3.7412,0.1405,2,15,0.0392,5,2.2652
0.6545,0.7636,0.9512,3.8046,0.1440,2,16,0.0489,5,2.2640
0.6545,0.7818,0.9194,3.8680,0.1480,2,15,0.1153,6,2.2650
0.6545,0.8000,0.8877,3.9314,0.1524,2,14,0.1851,6,2.2682
0.6545,0.8182,0.8560,3.9948,0.1569,3,14,0.2554,5,2.2737
0.6545,0.8364,0.8243,4.0582,0.1614,3,14,0.3261,5,2.2813
0.6545,0.8545,0.7926,4.1217,0.1657,3,14,0.3968,5,2.2911
0.6545,0.8727,0.7609,4.1851,0.1694,3,14,0.4675,5,2.3030
0.6545,0.8909,0.7292,4.2485,0.1726,3,14,0.5383,6,2.3131
0.6545,0.9091,0.6975,4.3119,0.1749,3,14,0.5892,6,2.2993
0.6545,0.9273,0.6658,4.3753,0.1764,4,15,0.5479,6,2.2877
0.6545,0.9455,0.6341,4.4387,0.1772,4,15,0.5132,5,2.2783
0.6545,0.9636,0.6024,4.5021,0.1772,4,16,0.4864,4,2.2710
0.6545,0.9818,0.5707,4.5655,0.1767,4,18,0.4689,4,2.2660
0.6727,0.0000,2.3462,1.1731,0.1771,4,18,0.5043,4,2.2568
0.6727,0.0182,2.3145,1.2365,0.1752,3,18,0.4482,4,2.2561
0.6727,0.0364,2.2828,1.2999,0.1732,4,18,0.3968,5,2.2577
0.6727,0.0545,2.2511,1.3633,0.1713,4,19,0.3522,6,2.2615
0.6727,0.0727,2.2194,1.4267,0.1696,3,18,0.3174,6,2.2675
0.6727,0.0909,2.1876,1.4901,0.1683,2,18,0.2958,6,2.2757
0.6727,0.1091,2.1559,1.5535,0.1672,2,17,0.2903,6,2.2861
0.6727,0.1273,2.1242,1.6170,0.1663,3,17,0.3019,6,2.2986
0.6727,0.1455,2.0925,1.6804,0.1653,3,15,0.3287,4,2.3132
0.6727,0.1636,2.0608,1.7438,0.1641,3,15,0.3674,4,2.3066
0.6727,0.1818,2.0291,1.8072,0.1626,3,15,0.4147,4,2.2956
0.6727,0.2000,1.9974,1.8706,0.1606,3,14,0.4425,5,2.2867
0.6727,0.2182,1.9657,1.9340,0.1582,3,13,0.4578,5,2.2800
0.6727,0.2364,1.9340,1.9974,0.1551,3,13,0.4832,6,2.2755
0.6727,0.2545,1.9023,2.0608,0.1516,2,12,0.4414,6,2.2732
0.6727,0.2727,1.8706,2.1242,0.1477,2,12,0.3793,5,2.2731
0.6727,0.2909,1.8389,2.1876,0.1435,2,12,0.3209,5,2.2753
0.6727,0.3091,1.8072,2.2511,0.1394,2,13,0.2686,5,2.2796
0.6727,0.3273,1.7755,2.3145,0.1353,1,14,0.2266,5,2.2861
0.6727,0.3455,1.7438,2.3779,0.1315,1,14,0.2014,4,2.2948
0.6727,0.3636,1.7121,2.4413,0.1281,1,13,0.1997,4,2.3056
0.6727,0.3818,1.6804,2.5047,0.1253,1,14,0.2096,4,2.3146
0.6727,0.4000,1.6487,2.5681,0.1231,1,15,0.1417,4,2.2998
0.6727,0.4182,1.6170,2.6315,0.1217,0,14,0.0792,4,2.2871
0.6727,0.4364,1.5853,2.6949,0.1210,1,14,0.0501,5,2.2765
0.6727,0.4545,1.5535,2.7583,0.1208,1,14,0.0939,6,2.2681
0.6727,0.4727,1.5218,2.8217,0.1211,2,14,0.1586,6,2.2619
0.6727,0.4909,1.4901,2.8852,0.1219,2,13,0.2271,6,2.2579
0.6727,0.5091,1.4584,2.9486,0.1231,2,12,0.2967,5,2.2562
0.6727,0.5273,1.4267,3.0120,0.1246,2,13,0.3668,4,2.2566
0.6727,0.5455,1.3950,3.0754,0.1262,2,12,0.4371,4,2.2593
0.6727,0.5636,1.3633,3.1388,0.1279,2,11,0.4743,4,2.2642
0.6727,0.5818,1.3316,3.2022,0.1296,2,11,0.4106,5,2.2714
0.6727,0.6000,1.2999,3.2656,0.1313,2,12,0.3496,5,2.2807
0.6727,0.6182,1.2682,3.3290,0.1329,2,13,0.2931,5,2.2921
0.6727,0.6364,1.2365,3.3924,0.1346,2,14,0.2443,6,2.3057
0.6727,0.6545,1.2048,3.4558,0.1361,2,16,0.2085,6,2.3129
0.6727,0.6727,1.1731,3.5193,0.1377,2,16,0.1932,5,2.3008
0.6727,0.6909,1.1414,3.5827,0.1395,2,16,0.2031,4,2.2909
0.6727,0.7091,1.1097,3.6461,0.1414,2,16,0.1771,4,2.2831
0.6727,0.7273,1.0780,3.7095,0.1438,3,17,0.1100,4,2.2775
0.6727,0.7455,1.0463,3.7729,0.1466,2,17,0.0538,4,2.2741
0.6727,0.7636,1.0146,3.8363,0.1499,2,17,0.0612,6,2.2729
0.6727,0.7818,0.9829,3.8997,0.1536,3,17,0.1210,6,2.2739
0.6727,0.8000,0.9512,3.9631,0.1576,3,17,0.1887,6,2.2771
0.6727,0.8182,0.9194,4.0265,0.1619,3,15,0.2581,6,2.2826
0.6727,0.8364,0.8877,4.0899,0.1662,3,14,0.3281,5,2.2902
0.6727,0.8545,0.8560,4.1534,0.1702,3,15,0.3985,5,2.2999
0.6727,0.8727,0.8243,4.2168,0.1738,3,14,0.4690,5,2.3118
0.6727,0.8909,0.7926,4.2802,0.1767,3,15,0.5396,6,2.3069
0.6727,0.9091,0.7609,4.3436,0.1788,4,15,0.6103,6,2.2931
0.6727,0.9273,0.7292,4.4070,0.1800,4,15,0.6088,6,2.2815
0.6727,0.9455,0.6975,4.4704,0.1804,4,16,0.5778,5,2.2720
0.6727,0.9636,0.6658,4.5338,0.1799,4,16,0.5541,4,2.2647
0.6727,0.9818,0.6341,4.5972,0.1788,4,18,0.5388,4,2.2597
0.6909,0.0000,2.4096,1.2048,0.1771,3,18,0.4671,4,2.2527
0.6909,0.0182,2.3779,1.2682,0.1744,3,18,0.4059,5,2.2520
0.6909,0.0364,2.3462,1.3316,0.1716,3,17,0.3483,6,2.2536
0.6909,0.0545,2.3145,1.3950,0.1688,4,18,0.2966,6,2.2574
0.6909,0.0727,2.2828,1.4584,0.1661,3,17,0.2543,6,2.2635
0.6909,0.0909,2.2511,1.5218,0.1638,2,17,0.2267,6,2.2717
0.6909,0.1091,2.2194,1.5853,0.1620,3,17,0.2195,6,2.2821
0.6909,0.1273,2.1876,1.6487,0.1603,2,17,0.2346,5,2.2946
0.6909,0.1455,2.1559,1.7121,0.1588,2,17,0.2682,4,2.3093
0.6909,0.1636,2.1242,1.7755,0.1573,2,16,0.3144,4,2.3176
0.6909,0.1818,2.0925,1.8389,0.1556,2,15,0.3673,4,2.3066
0.6909,0.2000,2.0608,1.9023,0.1536,2,13,0.3724,5,2.2978
0.6909,0.2182,2.0291,1.9657,0.1513,2,13,0.3906,5,2.2911
0.6909,0.2364,1.9974,2.0291,0.1485,2,13,0.4200,5,2.2866
0.6909,0.2545,1.9657,2.0925,0.1454,2,12,0.4587,5,2.2843
0.6909,0.2727,1.9340,2.1559,0.1419,2,11,0.4206,5,2.2842
0.6909,0.2909,1.9023,2.2194,0.1383,2,12,0.3688,5,2.2864
0.6909,0.3091,1.8706,2.2828,0.1346,2,13,0.3243,5,2.2907
0.6909,0.3273,1.8389,2.3462,0.1311,1,13,0.2904,5,2.2971
0.6909,0.3455,1.8072,2.4096,0.1277,1,14,0.2713,5,2.3058
0.6909,0.3636,1.7755,2.4730,0.1248,1,13,0.2700,4,2.3166
0.6909,0.3818,1.7438,2.5364,0.1223,1,15,0.2365,3,2.3106
0.6909,0.4000,1.7121,2.5998,0.1205,1,14,0.1791,4,2.2957
0.6909,0.4182,1.6804,2.6632,0.1194,0,14,0.1352,5,2.2830
0.6909,0.4364,1.6487,2.7266,0.1191,0,14,0.1205,5,2.2725
0.6909,0.4545,1.6170,2.7900,0.1194,0,14,0.1443,6,2.2641
0.6909,0.4727,1.5853,2.8535,0.1203,1,14,0.1928,6,2.2578
0.6909,0.4909,1.5535,2.9169,0.1218,1,13,0.2522,6,2.2539
0.6909,0.5091,1.5218,2.9803,0.1237,1,13,0.3163,4,2.2521
0.6909,0.5273,1.4901,3.0437,0.1260,1,13,0.3828,4,2.2526
0.6909,0.5455,1.4584,3.1071,0.1285,1,13,0.4067,4,2.2553
0.6909,0.5636,1.4267,3.1705,0.1311,2,12,0.4403,5,2.2602
0.6909,0.5818,1.3950,3.2339,0.1336,2,11,0.4483,5,2.2673
0.6909,0.6000,1.3633,3.2973,0.1362,2,12,0.3932,5,2.2766
0.6909,0.6182,1.3316,3.3607,0.1386,2,13,0.3440,5,2.2881
0.6909,0.6364,1.2999,3.4241,0.1408,2,13,0.3035,5,2.3017
0.6909,0.6545,1.2682,3.4876,0.1428,2,15,0.2755,5,2.3174
0.6909,0.6727,1.2365,3.5510,0.1447,2,16,0.2641,5,2.3118
0.6909,0.6909,1.2048,3.6144,0.1465,2,16,0.2685,4,2.3019
0.6909,0.7091,1.1731,3.6778,0.1483,2,17,0.2068,4,2.2942
0.6909,0.7273,1.1414,3.7412,0.1504,3,18,0.1533,4,2.2886
0.6909,0.7455,1.1097,3.8046,0.1528,3,17,0.1196,4,2.2852
0.6909,0.7636,1.0780,3.8680,0.1556,2,17,0.1231,5,2.2840
0.6909,0.7818,1.0463,3.9314,0.1588,2,17,0.1614,6,2.2850
0.6909,0.8000,1.0146,3.9948,0.1624,4,17,0.2168,6,2.2882
0.6909,0.8182,0.9829,4.0582,0.1662,3,16,0.2793,6,2.2936
0.6909,0.8364,0.9512,4.1217,0.1700,3,18,0.3451,6,2.3012
0.6909,0.8545,0.9194,4.1851,0.1736,3,17,0.4125,5,2.3109
0.6909,0.8727,0.8877,4.2485,0.1769,3,16,0.4810,5,2.3187
0.6909,0.8909,0.8560,4.3119,0.1795,4,15,0.5501,5,2.3029
0.6909,0.9091,0.8243,4.3753,0.1812,4,15,0.6195,6,2.2891
0.6909,0.9273,0.7926,4.4387,0.1821,4,15,0.6717,6,2.2775
0.6909,0.9455,0.7609,4.5021,0.1821,4,15,0.6437,5,2.2680
0.6909,0.9636,0.7292,4.5655,0.1811,4,16,0.5961,5,2.2607
0.6909,0.9818,0.6975,4.6289,0.1794,4,17,0.5308,4,2.2556
0.7091,0.0000,2.4730,1.2365,0.1756,3,17,0.4384,5,2.2508
0.7091,0.0182,2.4413,1.2999,0.1722,3,18,0.3724,5,2.2502
0.7091,0.0364,2.4096,1.3633,0.1687,3,17,0.3087,5,2.2518
0.7091,0.0545,2.3779,1.4267,0.1652,4,17,0.2489,6,2.2556
0.7091,0.0727,2.3462,1.4901,0.1618,4,17,0.1965,6,2.2616
0.7091,0.0909,2.3145,1.5535,0.1588,2,17,0.1592,6,2.2698
0.7091,0.1091,2.2828,1.6170,0.1561,3,17,0.1488,5,2.2802
0.7091,0.1273,2.2511,1.6804,0.1539,3,18,0.1702,5,2.2928
0.7091,0.1455,2.2194,1.7438,0.1520,2,17,0.2142,4,2.3074
0.7091,0.1636,2.1876,1.8072,0.1502,2,17,0.2699,4,2.3242
0.7091,0.1818,2.1559,1.8706,0.1484,2,15,0.2964,4,2.3197
0.7091,0.2000,2.1242,1.9340,0.1465,2,15,0.3027,5,2.3109
0.7091,0.2182,2.0925,1.9974,0.1443,2,13,0.3248,5,2.3043
0.7091,0.2364,2.0608,2.0608,0.1420,2,13,0.3597,5,2.2999
0.7091,0.2545,2.0291,2.1242,0.1394,2,12,0.4041,5,2.2976
0.7091,0.2727,1.9974,2.1876,0.1365,2,11,0.4553,4,2.2975
0.7091,0.2909,1.9657,2.2511,0.1336,2,12,0.4231,4,2.2996
0.7091,0.3091,1.9340,2.3145,0.1306,1,13,0.3850,4,2.3039
0.7091,0.3273,1.9023,2.3779,0.1277,1,13,0.3569,5,2.3103
0.7091,0.3455,1.8706,2.4413,0.1250,1,14,0.3415,6,2.3189
0.7091,0.3636,1.8389,2.5047,0.1227,1,13,0.2829,5,2.3256
0.7091,0.3818,1.8072,2.5681,0.1208,1,14,0.2265,5,2.3087
0.7091,0.4000,1.7755,2.6315,0.1195,0,14,0.1805,4,2.2939
0.7091,0.4182,1.7438,2.6949,0.1188,0,14,0.1547,5,2.2812
0.7091,0.4364,1.7121,2.7583,0.1188,0,14,0.1591,5,2.2706
0.7091,0.4545,1.6804,2.8217,0.1196,0,14,0.1917,5,2.2622
0.7091,0.4727,1.6487,2.8852,0.1210,1,14,0.2414,5,2.2560
0.7091,0.4909,1.6170,2.9486,0.1231,1,14,0.2927,5,2.2520
0.7091,0.5091,1.5853,3.0120,0.1257,1,14,0.3015,5,2.2502
0.7091,0.5273,1.5535,3.0754,0.1287,1,13,0.3151,5,2.2507
0.7091,0.5455,1.5218,3.1388,0.1319,1,13,0.3431,5,2.2534
0.7091,0.5636,1.4901,3.2022,0.1353,2,12,0.3824,5,2.2583
0.7091,0.5818,1.4584,3.2656,0.1386,2,11,0.4299,5,2.2654
0.7091,0.6000,1.4267,3.3290,0.1419,2,11,0.4439,4,2.2748
0.7091,0.6182,1.3950,3.3924,0.1449,2,13,0.4010,4,2.2862
0.7091,0.6364,1.3633,3.4558,0.1475,2,13,0.3668,5,2.2998
0.7091,0.6545,1.3316,3.5193,0.1498,2,13,0.3440,5,2.3155
0.7091,0.6727,1.2999,3.5827,0.1519,2,16,0.3350,5,2.3249
0.7091,0.6909,1.2682,3.6461,0.1536,2,16,0.3058,5,2.3151
0.7091,0.7091,1.2365,3.7095,0.1553,2,17,0.2534,4,2.3074
0.7091,0.7273,1.2048,3.7729,0.1570,2,18,0.2121,4,2.3018
0.7091,0.7455,1.1731,3.8363,0.1589,3,17,0.1891,4,2.2985
0.7091,0.7636,1.1414,3.8997,0.1610,2,17,0.1914,5,2.2973
0.7091,0.7818,1.1097,3.9631,0.1636,3,17,0.2180,5,2.2983
0.7091,0.8000,1.0780,4.0265,0.1665,4,17,0.2617,6,2.3015
0.7091,0.8182,1.0463,4.0899,0.1697,3,17,0.3154,6,2.3068
0.7091,0.8364,1.0146,4.1534,0.1728,3,18,0.3749,6,2.3144
0.7091,0.8545,0.9829,4.2168,0.1759,3,18,0.4378,5,2.3240
0.7091,0.8727,0.9512,4.2802,0.1786,4,17,0.5028,5,2.3169
0.7091,0.8909,0.9194,4.3436,0.1807,4,15,0.5692,5,2.3011
0.7091,0.9091,0.8877,4.4070,0.1821,4,15,0.6366,6,2.2873
0.7091,0.9273,0.8560,4.4704,0.1826,4,15,0.6940,6,2.2756
0.7091,0.9455,0.8243,4.5338,0.1821,4,15,0.6426,5,2.2661
0.7091,0.9636,0.7926,4.5972,0.1807,4,15,0.5738,5,2.2588
0.7091,0.9818,0.7609,4.6606,0.1785,4,16,0.5057,5,2.2537
0.7273,0.0000,2.5364,1.2682,0.1728,3,16,0.4197,5,2.2512
0.7273,0.0182,2.5047,1.3316,0.1690,3,14,0.3503,5,2.2505
0.7273,0.0364,2.4730,1.3950,0.1649,3,16,0.2816,5,2.2521
0.7273,0.0545,2.4413,1.4584,0.1608,3,16,0.2143,6,2.2559
0.7273,0.0727,2.4096,1.5218,0.1569,3,17,0.1504,5,2.2620
0.7273,0.0909,2.3779,1.5853,0.1533,2,17,0.0967,5,2.2702
0.7273,0.1091,2.3462,1.6487,0.1501,2,17,0.0784,5,2.2806
0.7273,0.1273,2.3145,1.7121,0.1474,3,18,0.1140,5,2.2931
0.7273,0.1455,2.2828,1.7755,0.1450,2,17,0.1729,4,2.3078
0.7273,0.1636,2.2511,1.8389,0.1430,2,16,0.2384,4,2.3245
0.7273,0.1818,2.2194,1.9023,0.1412,2,16,0.2256,4,2.3152
0.7273,0.2000,2.1876,1.9657,0.1395,2,15,0.2338,5,2.3064
0.7273,0.2182,2.1559,2.0291,0.1377,2,14,0.2617,5,2.2997
0.7273,0.2364,2.1242,2.0925,0.1359,2,12,0.3040,5,2.2953
0.7273,0.2545,2.0925,2.1559,0.1339,2,12,0.3554,5,2.2930
0.7273,0.2727,2.0608,2.2194,0.1318,2,11,0.4127,4,2.2929
0.7273,0.2909,2.0291,2.2828,0.1297,1,11,0.4737,5,2.2950
0.7273,0.3091,1.9974,2.3462,0.1276,2,13,0.4487,5,2.2993
0.7273,0.3273,1.9657,2.4096,0.1255,2,12,0.3887,5,2.3058
0.7273,0.3455,1.9340,2.4730,0.1236,2,12,0.3198,4,2.3144
0.7273,0.3636,1.9023,2.5364,0.1220,2,13,0.2519,4,2.3251
0.7273,0.3818,1.8706,2.5998,0.1208,2,14,0.1862,4,2.3091
0.7273,0.4000,1.8389,2.6632,0.1200,1,14,0.1264,4,2.2943
0.7273,0.4182,1.8072,2.7266,0.1199,0,14,0.0856,4,2.2816
0.7273,0.4364,1.7755,2.7900,0.1203,0,14,0.0934,5,2.2710
0.7273,0.4545,1.7438,2.8535,0.1214,1,15,0.1420,5,2.2626
0.7273,0.4727,1.7121,2.9169,0.1232,1,14,0.2041,6,2.2564
0.7273,0.4909,1.6804,2.9803,0.1258,1,13,0.2345,4,2.2524
0.7273,0.5091,1.6487,3.0437,0.1289,1,14,0.2309,4,2.2506
0.7273,0.5273,1.6170,3.1071,0.1324,1,14,0.2484,4,2.2511
0.7273,0.5455,1.5853,3.1705,0.1362,2,13,0.2831,5,2.2538
0.7273,0.5636,1.5535,3.2339,0.1402,2,13,0.3296,5,2.2587
0.7273,0.5818,1.5218,3.2973,0.1441,2,12,0.3836,5,2.2658
0.7273,0.6000,1.4901,3.3607,0.1479,2,12,0.4425,5,2.2751
0.7273,0.6182,1.4584,3.4241,0.1514,2,13,0.4618,4,2.2866
0.7273,0.6364,1.4267,3.4876,0.1544,3,13,0.4325,5,2.3002
0.7273,0.6545,1.3950,3.5510,0.1569,3,14,0.4133,5,2.3159
0.7273,0.6727,1.3633,3.6144,0.1590,3,15,0.4055,5,2.3204
0.7273,0.6909,1.3316,3.6778,0.1607,3,15,0.3536,5,2.3105
0.7273,0.7091,1.2999,3.7412,0.1621,3,16,0.3094,4,2.3028
0.7273,0.7273,1.2682,3.8046,0.1634,2,17,0.2766,4,2.2972
0.7273,0.7455,1.2365,3.8680,0.1646,3,17,0.2594,4,2.2939
0.7273,0.7636,1.2048,3.9314,0.1660,2,17,0.2610,5,2.2927
0.7273,0.7818,1.1731,3.9948,0.1677,3,18,0.2811,5,2.2937
0.7273,0.8000,1.1414,4.0582,0.1698,4,18,0.3162,5,2.2969
0.7273,0.8182,1.1097,4.1217,0.1721,4,17,0.3619,6,2.3022
0.7273,0.8364,1.0780,4.1851,0.1745,3,18,0.4148,6,2.3098
0.7273,0.8545,1.0463,4.2485,0.1768,3,18,0.4724,6,2.3195
0.7273,0.8727,1.0146,4.3119,0.1788,4,18,0.5332,5,2.3173
0.7273,0.8909,0.9829,4.3753,0.1804,4,16,0.5811,5,2.3014
0.7273,0.9091,0.9512,4.4387,0.1813,4,16,0.6018,5,2.2876
0.7273,0.9273,0.9194,4.5021,0.1813,4,15,0.6298,6,2.2760
0.7273,0.9455,0.8877,4.5655,0.1804,4,15,0.6300,5,2.2665
0.7273,0.9636,0.8560,4.6289,0.1787,4,15,0.5597,5,2.2592
0.7273,0.9818,0.8243,4.6923,0.1760,3,15,0.4896,5,2.2541
0.7455,0.0000,2.5998,1.2999,0.1688,3,15,0.4126,6,2.2538
0.7455,0.0182,2.5681,1.3633,0.1647,3,14,0.3417,5,2.2531
0.7455,0.0364,2.5364,1.4267,0.1603,3,14,0.2708,4,2.2547
0.7455,0.0545,2.5047,1.4901,0.1558,3,14,0.2000,4,2.2585
0.7455,0.0727,2.4730,1.5535,0.1515,2,16,0.1291,5,2.2645
0.7455,0.0909,2.4413,1.6170,0.1476,2,17,0.0584,5,2.2728
0.7455,0.1091,2.4096,1.6804,0.1440,2,17,0.0143,5,2.2832
0.7455,0.1273,2.3779,1.7438,0.1409,3,17,0.0840,5,2.2957
0.7455,0.1455,2.3462,1.8072,0.1383,3,16,0.1547,4,2.3103
0.7455,0.1636,2.3145,1.8706,0.1363,2,16,0.1738,4,2.3137
0.7455,0.1818,2.2828,1.9340,0.1346,2,16,0.1548,4,2.3027
0.7455,0.2000,2.2511,1.9974,0.1331,2,16,0.1665,5,2.2939
0.7455,0.2182,2.2194,2.0608,0.1318,2,15,0.2039,5,2.2872
0.7455,0.2364,2.1876,2.1242,0.1305,2,13,0.2559,5,2.2827
0.7455,0.2545,2.1559,2.1876,0.1293,2,13,0.3153,6,2.2804
0.7455,0.2727,2.1242,2.2511,0.1280,2,11,0.3787,5,2.2804
0.7455,0.2909,2.0925,2.3145,0.1269,2,11,0.4444,5,2.2825
0.7455,0.3091,2.0608,2.3779,0.1257,2,11,0.4511,5,2.2868
0.7455,0.3273,2.0291,2.4413,0.1246,2,13,0.3802,5,2.2933
0.7455,0.3455,1.9974,2.5047,0.1235,2,13,0.3094,4,2.3019
0.7455,0.3636,1.9657,2.5681,0.1227,2,14,0.2385,4,2.3127
0.7455,0.3818,1.9340,2.6315,0.1223,1,15,0.1677,4,2.3116
0.7455,0.4000,1.9023,2.6949,0.1222,1,15,0.0971,6,2.2968
0.7455,0.4182,1.8706,2.7583,0.1225,1,15,0.0278,5,2.2841
0.7455,0.4364,1.8389,2.8217,0.1233,1,15,0.0465,5,2.2735
0.7455,0.4545,1.8072,2.8852,0.1248,1,14,0.1167,5,2.2652
0.7455,0.4727,1.7755,2.9486,0.1268,1,14,0.1874,5,2.2589
0.7455,0.4909,1.7438,3.0120,0.1297,1,13,0.1656,5,2.2550
0.7455,0.5091,1.7121,3.0754,0.1331,1,14,0.1605,5,2.2532
0.7455,0.5273,1.6804,3.1388,0.1370,1,14,0.1848,5,2.2537
0.7455,0.5455,1.6487,3.2022,0.1412,2,13,0.2294,5,2.2564
0.7455,0.5636,1.6170,3.2656,0.1455,2,13,0.2848,5,2.2613
0.7455,0.5818,1.5853,3.3290,0.1499,2,12,0.3459,5,2.2684
0.7455,0.6000,1.5535,3.3924,0.1541,3,13,0.4102,5,2.2777
0.7455,0.6182,1.5218,3.4558,0.1578,3,13,0.4763,5,2.2892
0.7455,0.6364,1.4901,3.5193,0.1611,3,15,0.4996,6,2.3027
0.7455,0.6545,1.4584,3.5827,0.1638,3,15,0.4831,5,2.3184
0.7455,0.6727,1.4267,3.6461,0.1658,3,15,0.4538,5,2.3080
0.7455,0.6909,1.3950,3.7095,0.1673,3,16,0.4082,5,2.2981
0.7455,0.7091,1.3633,3.7729,0.1683,3,16,0.3706,4,2.2903
0.7455,0.7273,1.3316,3.8363,0.1691,3,16,0.3436,4,2.2847
0.7455,0.7455,1.2999,3.8997,0.1696,3,16,0.3299,4,2.2813
0.7455,0.7636,1.2682,3.9631,0.1702,1,18,0.3312,5,2.2801
0.7455,0.7818,1.2365,4.0265,0.1708,3,18,0.3473,5,2.2811
0.7455,0.8000,1.2048,4.0899,0.1719,3,18,0.3763,5,2.2843
0.7455,0.8182,1.1731,4.1534,0.1733,4,18,0.4154,5,2.2897
0.7455,0.8364,1.1414,4.2168,0.1748,3,18,0.4622,5,2.2973
0.7455,0.8545,1.1097,4.2802,0.1762,3,18,0.4939,5,2.3071
0.7455,0.8727,1.0780,4.3436,0.1775,4,18,0.4982,5,2.3189
0.7455,0.8909,1.0463,4.4070,0.1785,4,17,0.5125,5,2.3040
0.7455,0.9091,1.0146,4.4704,0.1788,4,16,0.5358,5,2.2902
0.7455,0.9273,0.9829,4.5338,0.1785,4,16,0.5671,4,2.2786
0.7455,0.9455,0.9512,4.5972,0.1773,4,15,0.6051,5,2.2691
0.7455,0.9636,0.9194,4.6606,0.1752,3,14,0.5544,5,2.2618
0.7455,0.9818,0.8877,4.7240,0.1723,3,14,0.4835,6,2.2567
0.7636,0.0000,2.6632,1.3316,0.1638,3,14,0.4176,6,2.2586
0.7636,0.0182,2.6315,1.3950,0.1596,3,14,0.3477,5,2.2580
0.7636,0.0364,2.5998,1.4584,0.1551,3,13,0.2783,4,2.2595
0.7636,0.0545,2.5681,1.5218,0.1505,2,14,0.2100,4,2.2633
0.7636,0.0727,2.5364,1.5853,0.1461,2,15,0.1442,4,2.2693
0.7636,0.0909,2.5047,1.6487,0.1419,1,14,0.0867,5,2.2775
0.7636,0.1091,2.4730,1.7121,0.1381,1,15,0.0657,5,2.2879
0.7636,0.1273,2.4413,1.7755,0.1349,2,15,0.1056,5,2.3004
0.7636,0.1455,2.4096,1.8389,0.1323,3,15,0.1675,4,2.3150
0.7636,0.1636,2.3779,1.9023,0.1303,2,15,0.1155,4,2.3035
0.7636,0.1818,2.3462,1.9657,0.1288,2,15,0.0841,4,2.2924
0.7636,0.2000,2.3145,2.0291,0.1277,2,15,0.1042,5,2.2836
0.7636,0.2182,2.2828,2.0925,0.1268,2,15,0.1571,6,2.2769
0.7636,0.2364,2.2511,2.1559,0.1262,2,13,0.2204,6,2.2723
0.7636,0.2545,2.2194,2.2194,0.1258,2,13,0.2873,6,2.2700
0.7636,0.2727,2.1876,2.2828,0.1255,2,13,0.3557,5,2.2700
0.7636,0.2909,2.1559,2.3462,0.1253,2,11,0.4249,5,2.2721
0.7636,0.3091,2.1242,2.4096,0.1251,2,12,0.4550,5,2.2764
0.7636,0.3273,2.0925,2.4730,0.1249,2,12,0.3848,4,2.2829
0.7636,0.3455,2.0608,2.5364,0.1249,2,13,0.3150,4,2.2916
0.7636,0.3636,2.0291,2.5998,0.1250,2,13,0.2458,5,2.3025
0.7636,0.3818,1.9974,2.6632,0.1252,1,14,0.1779,5,2.3154
0.7636,0.4000,1.9657,2.7266,0.1257,2,15,0.1137,6,2.3016
0.7636,0.4182,1.9340,2.7900,0.1266,2,15,0.0654,6,2.2889
0.7636,0.4364,1.9023,2.8535,0.1278,2,15,0.0753,5,2.2783
0.7636,0.4545,1.8706,2.9169,0.1295,3,15,0.1308,4,2.2699
0.7636,0.4727,1.8389,2.9803,0.1317,2,15,0.1472,4,2.2638
0.7636,0.4909,1.8072,3.0437,0.1347,1,15,0.0997,5,2.2598
0.7636,0.5091,1.7755,3.1071,0.1382,1,14,0.0910,5,2.2580
0.7636,0.5273,1.7438,3.1705,0.1422,1,14,0.1291,6,2.2585
0.7636,0.5455,1.7121,3.2339,0.1465,2,14,0.1874,5,2.2612
0.7636,0.5636,1.6804,3.2973,0.1510,2,14,0.2522,5,2.2661
0.7636,0.5818,1.6487,3.3607,0.1556,3,14,0.3196,5,2.2732
0.7636,0.6000,1.6170,3.4241,0.1600,3,14,0.3883,5,2.2825
0.7636,0.6182,1.5853,3.4876,0.1639,3,13,0.4576,5,2.2939
0.7636,0.6364,1.5535,3.5510,0.1672,3,14,0.5274,6,2.3075
0.7636,0.6545,1.5218,3.6144,0.1699,3,15,0.5532,6,2.3098
0.7636,0.6727,1.4901,3.6778,0.1718,3,15,0.5075,6,2.2977
0.7636,0.6909,1.4584,3.7412,0.1730,3,15,0.4672,5,2.2877
0.7636,0.7091,1.4267,3.8046,0.1736,3,16,0.4347,4,2.2799
0.7636,0.7273,1.3950,3.8680,0.1737,4,16,0.4119,4,2.2743
0.7636,0.7455,1.3633,3.9314,0.1736,4,17,0.4006,4,2.2709
0.7636,0.7636,1.3316,3.9948,0.1733,3,17,0.4017,5,2.2697
0.7636,0.7818,1.2999,4.0582,0.1730,4,17,0.4150,5,2.2707
0.7636,0.8000,1.2682,4.1217,0.1729,3,19,0.4395,5,2.2740
0.7636,0.8182,1.2365,4.1851,0.1732,3,17,0.4477,5,2.2794
0.7636,0.8364,1.2048,4.2485,0.1737,4,17,0.4297,5,2.2870
0.7636,0.8545,1.1731,4.3119,0.1743,4,17,0.4230,6,2.2968
0.7636,0.8727,1.1414,4.3753,0.1749,4,17,0.4281,6,2.3087
0.7636,0.8909,1.1097,4.4387,0.1751,4,15,0.4446,5,2.3087
0.7636,0.9091,1.0780,4.5021,0.1750,4,16,0.4712,5,2.2949
0.7636,0.9273,1.0463,4.5655,0.1742,3,15,0.5065,4,2.2833
0.7636,0.9455,1.0146,4.6289,0.1727,3,15,0.5487,5,2.2739
0.7636,0.9636,0.9829,4.6923,0.1704,3,14,0.5581,6,2.2666
0.7636,0.9818,0.9512,4.7558,0.1674,3,14,0.4877,6,2.2615
0.7818,0.0000,2.7266,1.3633,0.1580,3,13,0.4342,6,2.2656
0.7818,0.0182,2.6949,1.4267,0.1539,3,14,0.3675,5,2.2650
0.7818,0.0364,2.6632,1.4901,0.1495,2,12,0.3027,5,2.2666
0.7818,0.0545,2.6315,1.5535,0.1451,2,13,0.2414,5,2.2704
0.7818,0.0727,2.5998,1.6170,0.1407,2,14,0.1869,4,2.2763
0.7818,0.0909,2.5681,1.6804,0.1366,1,14,0.1473,4,2.2845
0.7818,0.1091,2.5364,1.7438,0.1328,1,14,0.1359,5,2.2949
0.7818,0.1273,2.5047,1.8072,0.1296,1,14,0.1591,4,2.3073
0.7818,0.1455,2.4730,1.8706,0.1272,1,14,0.1511,4,2.3085
0.7818,0.1636,2.4413,1.9340,0.1253,1,15,0.0806,4,2.2954
0.7818,0.1818,2.4096,1.9974,0.1241,1,16,0.0154,4,2.2843
0.7818,0.2000,2.3779,2.0608,0.1234,1,15,0.0634,6,2.2754
0.7818,0.2182,2.3462,2.1242,0.1231,1,15,0.1337,6,2.2687
0.7818,0.2364,2.3145,2.1876,0.1232,2,14,0.2043,6,2.2641
0.7818,0.2545,2.2828,2.2511,0.1235,2,13,0.2751,6,2.2618
0.7818,0.2727,2.2511,2.3145,0.1242,2,13,0.3460,5,2.2617
0.7818,0.2909,2.2194,2.3779,0.1250,2,14,0.4168,5,2.2639
0.7818,0.3091,2.1876,2.4413,0.1258,2,11,0.4696,4,2.2682
0.7818,0.3273,2.1559,2.5047,0.1266,2,12,0.4020,4,2.2747
0.7818,0.3455,2.1242,2.5681,0.1275,2,12,0.3358,5,2.2835
0.7818,0.3636,2.0925,2.6315,0.1285,2,12,0.2719,5,2.2944
0.7818,0.3818,2.0608,2.6949,0.1295,2,13,0.2126,6,2.3074
0.7818,0.4000,2.0291,2.7583,0.1306,2,16,0.1627,6,2.3085
0.7818,0.4182,1.9974,2.8217,0.1319,2,16,0.1335,6,2.2958
0.7818,0.4364,1.9657,2.8852,0.1334,2,16,0.1387,4,2.2853
0.7818,0.4545,1.9340,2.9486,0.1352,2,16,0.1751,4,2.2769
0.7818,0.4727,1.9023,3.0120,0.1376,3,16,0.1193,4,2.2708
0.7818,0.4909,1.8706,3.0754,0.1404,2,16,0.0501,5,2.2668
0.7818,0.5091,1.8389,3.1388,0.1438,2,16,0.0292,5,2.2651
0.7818,0.5273,1.8072,3.2022,0.1477,1,16,0.0961,6,2.2655
0.7818,0.5455,1.7755,3.2656,0.1520,2,15,0.1664,6,2.2682
0.7818,0.5636,1.7438,3.3290,0.1564,3,14,0.2370,5,2.2731
0.7818,0.5818,1.7121,3.3924,0.1610,3,14,0.3078,5,2.2802
0.7818,0.6000,1.6804,3.4558,0.1653,3,14,0.3786,5,2.2894
0.7818,0.6182,1.6487,3.5193,0.1692,3,14,0.4494,5,2.3008
0.7818,0.6364,1.6170,3.5827,0.1724,3,14,0.5203,6,2.3144
0.7818,0.6545,1.5853,3.6461,0.1750,3,14,0.5911,6,2.3017
0.7818,0.6727,1.5535,3.7095,0.1767,4,15,0.5650,6,2.2895
0.7818,0.6909,1.5218,3.7729,0.1775,4,16,0.5291,6,2.2796
0.7818,0.7091,1.4901,3.8363,0.1777,4,16,0.5006,4,2.2717
0.7818,0.7273,1.4584,3.8997,0.1772,4,18,0.4810,4,2.2661
0.7818,0.7455,1.4267,3.9631,0.1763,4,18,0.4713,4,2.2627
0.7818,0.7636,1.3950,4.0265,0.1751,3,18,0.4722,4,2.2615
0.7818,0.7818,1.3633,4.0899,0.1740,4,18,0.4552,5,2.2625
0.7818,0.8000,1.3316,4.1534,0.1729,3,18,0.4139,5,2.2657
0.7818,0.8182,1.2999,4.2168,0.1719,3,17,0.3814,6,2.2712
0.7818,0.8364,1.2682,4.2802,0.1715,2,18,0.3601,6,2.2788
0.7818,0.8545,1.2365,4.3436,0.1712,3,17,0.3521,6,2.2886
0.7818,0.8727,1.2048,4.4070,0.1709,3,16,0.3582,6,2.3006
0.7818,0.8909,1.1731,4.4704,0.1705,3,16,0.3777,5,2.3147
0.7818,0.9091,1.1414,4.5338,0.1698,3,16,0.4088,4,2.3019
0.7818,0.9273,1.1097,4.5972,0.1686,3,15,0.4490,4,2.2903
0.7818,0.9455,1.0780,4.6606,0.1669,3,15,0.4961,4,2.2808
0.7818,0.9636,1.0463,4.7240,0.1646,3,15,0.5132,6,2.2736
0.7818,0.9818,1.0146,4.7875,0.1616,3,13,0.5020,6,2.2685
0.8000,0.0000,2.7900,1.3950,0.1517,2,12,0.4612,6,2.2749
0.8000,0.0182,2.7583,1.4584,0.1480,2,12,0.3991,5,2.2742
0.8000,0.0364,2.7266,1.5218,0.1439,2,12,0.3404,5,2.2758
0.8000,0.0545,2.6949,1.5853,0.1398,2,13,0.2872,5,2.2796
0.8000,0.0727,2.6632,1.6487,0.1357,1,13,0.2432,5,2.2855
0.8000,0.0909,2.6315,1.7121,0.1319,1,14,0.2142,5,2.2937
0.8000,0.1091,2.5998,1.7755,0.1284,1,14,0.2066,4,2.3040
0.8000,0.1273,2.5681,1.8389,0.1255,1,14,0.2226,4,2.3164
0.8000,0.1455,2.5364,1.9023,0.1232,1,14,0.1614,4,2.3026
0.8000,0.1636,2.5047,1.9657,0.1216,0,14,0.0986,4,2.2894
0.8000,0.1818,2.4730,2.0291,0.1208,0,14,0.0588,5,2.2783
0.8000,0.2000,2.4413,2.0925,0.1205,1,14,0.0851,6,2.2694
0.8000,0.2182,2.4096,2.1559,0.1208,1,14,0.1452,6,2.2626
0.8000,0.2364,2.3779,2.2194,0.1216,2,13,0.2121,6,2.2581
0.8000,0.2545,2.3462,2.2828,0.1227,2,12,0.2809,6,2.2558
0.8000,0.2727,2.3145,2.3462,0.1242,2,12,0.3506,4,2.2557
0.8000,0.2909,2.2828,2.4096,0.1260,2,12,0.4207,4,2.2578
0.8000,0.3091,2.2511,2.4730,0.1278,2,11,0.4855,4,2.2622
0.8000,0.3273,2.2194,2.5364,0.1296,2,11,0.4304,5,2.2687
0.8000,0.3455,2.1876,2.5998,0.1314,2,12,0.3693,5,2.2775
0.8000,0.3636,2.1559,2.6632,0.1332,2,12,0.3123,5,2.2884
0.8000,0.3818,2.1242,2.7266,0.1349,2,14,0.2623,6,2.3015
0.8000,0.4000,2.0925,2.7900,0.1365,2,15,0.2238,6,2.3166
0.8000,0.4182,2.0608,2.8535,0.1382,2,16,0.2036,5,2.3049
0.8000,0.4364,2.0291,2.9169,0.1399,2,16,0.2070,4,2.2944
0.8000,0.4545,1.9974,2.9803,0.1418,2,16,0.1965,4,2.2861
0.8000,0.4727,1.9657,3.0437,0.1440,3,17,0.1298,4,2.2800
0.8000,0.4909,1.9340,3.1071,0.1466,3,17,0.0716,4,2.2760
0.8000,0.5091,1.9023,3.1705,0.1497,2,17,0.0589,5,2.2743
0.8000,0.5273,1.8706,3.2339,0.1533,2,17,0.1089,6,2.2747
0.8000,0.5455,1.8389,3.2973,0.1572,3,17,0.1741,6,2.2774
0.8000,0.5636,1.8072,3.3607,0.1614,3,16,0.2425,6,2.2823
0.8000,0.5818,1.7755,3.4241,0.1657,3,14,0.3120,5,2.2893
0.8000,0.6000,1.7438,3.4876,0.1697,3,15,0.3820,5,2.2985
0.8000,0.6182,1.7121,3.5510,0.1734,3,15,0.4523,5,2.3099
0.8000,0.6364,1.6804,3.6144,0.1764,3,15,0.5228,5,2.3100
0.8000,0.6545,1.6487,3.6778,0.1787,4,15,0.5933,6,2.2958
0.8000,0.6727,1.6170,3.7412,0.1802,4,15,0.6253,6,2.2836
0.8000,0.6909,1.5853,3.8046,0.1807,4,16,0.5930,6,2.2736
0.8000,0.7091,1.5535,3.8680,0.1803,4,16,0.5677,5,2.2657
0.8000,0.7273,1.5218,3.9314,0.1793,4,18,0.5505,4,2.2601
0.8000,0.7455,1.4901,3.9948,0.1777,4,18,0.5140,4,2.2567
0.8000,0.7636,1.4584,4.0582,0.1757,3,18,0.4563,4,2.2555
0.8000,0.7818,1.4267,4.1217,0.1736,4,18,0.4028,5,2.2565
0.8000,0.8000,1.3950,4.1851,0.1716,4,19,0.3555,6,2.2597
0.8000,0.8182,1.3633,4.2485,0.1697,3,18,0.3171,6,2.2652
0.8000,0.8364,1.3316,4.3119,0.1681,3,18,0.2912,6,2.2728
0.8000,0.8545,1.2999,4.3753,0.1669,3,17,0.2812,6,2.2827
0.8000,0.8727,1.2682,4.4387,0.1658,3,17,0.2888,6,2.2947
0.8000,0.8909,1.2365,4.5021,0.1648,3,15,0.3127,4,2.3088
0.8000,0.9091,1.2048,4.5655,0.1636,3,15,0.3496,4,2.3109
0.8000,0.9273,1.1731,4.6289,0.1622,3,15,0.3959,4,2.2994
0.8000,0.9455,1.1414,4.6923,0.1603,3,14,0.4315,4,2.2900
0.8000,0.9636,1.1097,4.7558,0.1580,3,13,0.4444,5,2.2828
0.8000,0.9818,1.0780,4.8192,0.1551,3,13,0.4679,5,2.2777
0.8182,0.0000,2.8535,1.4267,0.1454,2,13,0.4410,5,2.2862
0.8182,0.0182,2.8217,1.4901,0.1421,2,11,0.4399,5,2.2856
0.8182,0.0364,2.7900,1.5535,0.1385,2,12,0.3874,5,2.2872
0.8182,0.0545,2.7583,1.6170,0.1350,2,13,0.3417,5,2.2909
0.8182,0.0727,2.7266,1.6804,0.1315,1,13,0.3057,5,2.2969
0.8182,0.0909,2.6949,1.7438,0.1281,1,14,0.2831,5,2.3050
0.8182,0.1091,2.6632,1.8072,0.1251,1,13,0.2774,5,2.3152
0.8182,0.1273,2.6315,1.8706,0.1226,1,15,0.2563,3,2.3142
0.8182,0.1455,2.5998,1.9340,0.1207,1,14,0.1983,3,2.2989
0.8182,0.1636,2.5681,1.9974,0.1194,0,14,0.1517,4,2.2857
0.8182,0.1818,2.5364,2.0608,0.1189,0,14,0.1294,5,2.2745
0.8182,0.2000,2.5047,2.1242,0.1192,0,14,0.1433,6,2.2656
0.8182,0.2182,2.4730,2.1876,0.1200,1,14,0.1854,6,2.2588
0.8182,0.2364,2.4413,2.2511,0.1214,1,14,0.2414,6,2.2543
0.8182,0.2545,2.4096,2.3145,0.1233,1,13,0.3036,4,2.2520
0.8182,0.2727,2.3779,2.3779,0.1257,1,13,0.3690,4,2.2519
0.8182,0.2909,2.3462,2.4413,0.1282,1,13,0.3916,4,2.2540
0.8182,0.3091,2.3145,2.5047,0.1309,1,12,0.4234,5,2.2584
0.8182,0.3273,2.2828,2.5681,0.1336,2,11,0.4640,5,2.2650
0.8182,0.3455,2.2511,2.6315,0.1362,2,12,0.4124,5,2.2737
0.8182,0.3636,2.2194,2.6949,0.1388,2,12,0.3622,5,2.2847
0.8182,0.3818,2.1876,2.7583,0.1411,2,13,0.3201,6,2.2977
0.8182,0.4000,2.1559,2.8217,0.1432,2,14,0.2894,5,2.3129
0.8182,0.4182,2.1242,2.8852,0.1451,2,15,0.2740,5,2.3161
0.8182,0.4364,2.0925,2.9486,0.1469,2,16,0.2766,5,2.3057
0.8182,0.4545,2.0608,3.0120,0.1487,2,17,0.2265,4,2.2974
0.8182,0.4727,2.0291,3.0754,0.1507,3,17,0.1718,4,2.2913
0.8182,0.4909,1.9974,3.1388,0.1529,3,17,0.1334,4,2.2874
0.8182,0.5091,1.9657,3.2022,0.1556,2,17,0.1270,5,2.2857
0.8182,0.5273,1.9340,3.2656,0.1586,2,17,0.1566,6,2.2861
0.8182,0.5455,1.9023,3.3290,0.1620,4,17,0.2073,6,2.2888
0.8182,0.5636,1.8706,3.3924,0.1657,3,17,0.2673,6,2.2936
0.8182,0.5818,1.8389,3.4558,0.1695,3,17,0.3317,6,2.3006
0.8182,0.6000,1.8072,3.5193,0.1731,3,17,0.3983,5,2.3098
0.8182,0.6182,1.7755,3.5827,0.1764,3,16,0.4661,5,2.3211
0.8182,0.6364,1.7438,3.6461,0.1791,4,15,0.5348,5,2.3063
0.8182,0.6545,1.7121,3.7095,0.1811,4,15,0.6039,6,2.2920
0.8182,0.6727,1.6804,3.7729,0.1822,4,15,0.6734,6,2.2798
0.8182,0.6909,1.6487,3.8363,0.1823,4,15,0.6583,5,2.2698
0.8182,0.7091,1.6170,3.8997,0.1815,4,15,0.6095,5,2.2619
0.8182,0.7273,1.5853,3.9631,0.1798,4,16,0.5435,4,2.2563
0.8182,0.7455,1.5535,4.0265,0.1776,3,18,0.4789,4,2.2528
0.8182,0.7636,1.5218,4.0899,0.1749,3,18,0.4164,4,2.2516
0.8182,0.7818,1.4901,4.1534,0.1720,3,18,0.3570,6,2.2527
0.8182,0.8000,1.4584,4.2168,0.1691,4,18,0.3026,6,2.2559
0.8182,0.8182,1.4267,4.2802,0.1663,4,17,0.2564,6,2.2614
0.8182,0.8364,1.3950,4.3436,0.1638,2,17,0.2235,6,2.2691
0.8182,0.8545,1.3633,4.4070,0.1617,3,17,0.2103,6,2.2789
0.8182,0.8727,1.3316,4.4704,0.1600,3,17,0.2204,5,2.2909
0.8182,0.8909,1.2999,4.5338,0.1583,2,17,0.2509,4,2.3050
0.8182,0.9091,1.2682,4.5972,0.1568,2,17,0.2956,4,2.3213
0.8182,0.9273,1.2365,4.6606,0.1551,2,15,0.3491,4,2.3107
0.8182,0.9455,1.2048,4.7240,0.1532,2,14,0.3611,5,2.3013
0.8182,0.9636,1.1731,4.7875,0.1510,2,13,0.3764,5,2.2941
0.8182,0.9818,1.1414,4.8509,0.1484,2,13,0.4038,5,2.2891
0.8364,0.0000,2.9169,1.4584,0.1393,2,12,0.3857,5,2.2998
0.8364,0.0182,2.8852,1.5218,0.1366,2,11,0.4361,5,2.2991
0.8364,0.0364,2.8535,1.5853,0.1338,2,12,0.4409,4,2.3007
0.8364,0.0545,2.8217,1.6487,0.1309,1,13,0.4013,4,2.3044
0.8364,0.0727,2.7900,1.7121,0.1281,1,13,0.3711,5,2.3103
0.8364,0.0909,2.7583,1.7755,0.1254,1,13,0.3528,6,2.3184
0.8364,0.1091,2.7266,1.8389,0.1230,1,13,0.2936,5,2.3285
0.8364,0.1273,2.6949,1.9023,0.1211,1,14,0.2343,5,2.3127
0.8364,0.1455,2.6632,1.9657,0.1197,1,14,0.1835,4,2.2974
0.8364,0.1636,2.6315,2.0291,0.1189,0,14,0.1501,5,2.2841
0.8364,0.1818,2.5998,2.0925,0.1188,0,14,0.1463,5,2.2730
0.8364,0.2000,2.5681,2.1559,0.1194,0,14,0.1742,5,2.2640
0.8364,0.2182,2.5364,2.2194,0.1208,1,14,0.2221,5,2.2573
0.8364,0.2364,2.5047,2.2828,0.1227,1,15,0.2799,6,2.2527
0.8364,0.2545,2.4730,2.3462,0.1253,1,13,0.2918,5,2.2504
0.8364,0.2727,2.4413,2.4096,0.1283,1,14,0.3017,5,2.2503
0.8364,0.2909,2.4096,2.4730,0.1316,1,13,0.3270,5,2.2524
0.8364,0.3091,2.3779,2.5364,0.1350,2,13,0.3646,5,2.2568
0.8364,0.3273,2.3462,2.5998,0.1384,2,12,0.4110,5,2.2634
0.8364,0.3455,2.3145,2.6632,0.1418,2,11,0.4623,4,2.2721
0.8364,0.3636,2.2828,2.7266,0.1449,2,13,0.4182,4,2.2831
0.8364,0.3818,2.2511,2.7900,0.1477,2,13,0.3823,5,2.2962
0.8364,0.4000,2.2194,2.8535,0.1502,2,13,0.3570,5,2.3114
0.8364,0.4182,2.1876,2.9169,0.1523,2,14,0.3447,5,2.3286
0.8364,0.4364,2.1559,2.9803,0.1541,2,16,0.3253,5,2.3191
0.8364,0.4545,2.1242,3.0437,0.1558,2,17,0.2720,4,2.3109
0.8364,0.4727,2.0925,3.1071,0.1574,2,17,0.2285,4,2.3048
0.8364,0.4909,2.0608,3.1705,0.1591,3,17,0.2013,4,2.3009
0.8364,0.5091,2.0291,3.2339,0.1611,2,17,0.1971,5,2.2992
0.8364,0.5273,1.9974,3.2973,0.1635,3,17,0.2174,5,2.2996
0.8364,0.5455,1.9657,3.3607,0.1662,4,17,0.2563,6,2.3023
0.8364,0.5636,1.9340,3.4241,0.1692,4,18,0.3069,6,2.3071
0.8364,0.5818,1.9023,3.4876,0.1723,3,18,0.3643,6,2.3141
0.8364,0.6000,1.8706,3.5510,0.1754,3,18,0.4258,6,2.3232
0.8364,0.6182,1.8389,3.6144,0.1781,3,17,0.4899,5,2.3211
0.8364,0.6364,1.8072,3.6778,0.1803,4,16,0.5556,5,2.3048
0.8364,0.6545,1.7755,3.7412,0.1818,4,15,0.6224,5,2.2905
0.8364,0.6727,1.7438,3.8046,0.1825,4,15,0.6789,6,2.2783
0.8364,0.6909,1.7121,3.8680,0.1822,4,15,0.6579,5,2.2682
0.8364,0.7091,1.6804,3.9314,0.1810,4,15,0.5888,5,2.2604
0.8364,0.7273,1.6487,3.9948,0.1789,4,15,0.5202,5,2.2547
0.8364,0.7455,1.6170,4.0582,0.1761,3,17,0.4523,4,2.2513
0.8364,0.7636,1.5853,4.1217,0.1728,3,18,0.3855,5,2.2501
0.8364,0.7818,1.5535,4.1851,0.1692,3,17,0.3204,5,2.2511
0.8364,0.8000,1.5218,4.2485,0.1655,4,16,0.2584,6,2.2543
0.8364,0.8182,1.4901,4.3119,0.1620,4,17,0.2024,6,2.2598
0.8364,0.8364,1.4584,4.3753,0.1589,2,17,0.1587,6,2.2675
0.8364,0.8545,1.4267,4.4387,0.1561,2,17,0.1395,5,2.2773
0.8364,0.8727,1.3950,4.5021,0.1536,3,17,0.1542,5,2.2894
0.8364,0.8909,1.3633,4.5655,0.1516,2,17,0.1954,4,2.3035
0.8364,0.9091,1.3316,4.6289,0.1497,2,17,0.2502,4,2.3197
0.8364,0.9273,1.2999,4.6923,0.1479,2,16,0.2887,4,2.3240
0.8364,0.9455,1.2682,4.7558,0.1461,2,15,0.2908,5,2.3147
0.8364,0.9636,1.2365,4.8192,0.1440,2,13,0.3097,5,2.3076
0.8364,0.9818,1.2048,4.8826,0.1418,2,13,0.3425,5,2.3026
0.8545,0.0000,2.9803,1.4901,0.1338,2,12,0.3362,5,2.2917
0.8545,0.0182,2.9486,1.5535,0.1318,2,12,0.3930,5,2.2910
0.8545,0.0364,2.9169,1.6170,0.1298,1,11,0.4539,5,2.2926
0.8545,0.0545,2.8852,1.6804,0.1278,2,12,0.4641,5,2.2963
0.8545,0.0727,2.8535,1.7438,0.1258,2,12,0.4044,5,2.3023
0.8545,0.0909,2.8217,1.8072,0.1240,2,12,0.3349,5,2.3103
0.8545,0.1091,2.7900,1.8706,0.1223,2,13,0.2662,4,2.3206
0.8545,0.1273,2.7583,1.9340,0.1211,2,14,0.1989,4,2.3133
0.8545,0.1455,2.7266,1.9974,0.1204,1,14,0.1354,4,2.2980
0.8545,0.1636,2.6949,2.0608,0.1201,1,14,0.0847,5,2.2847
0.8545,0.1818,2.6632,2.1242,0.1204,0,14,0.0778,5,2.2736
0.8545,0.2000,2.6315,2.1876,0.1214,0,14,0.1224,5,2.2647
0.8545,0.2182,2.5998,2.2511,0.1231,1,15,0.1843,6,2.2579
0.8545,0.2364,2.5681,2.3145,0.1255,1,14,0.2301,5,2.2534
0.8545,0.2545,2.5364,2.3779,0.1285,1,14,0.2209,4,2.2510
0.8545,0.2727,2.5047,2.4413,0.1320,1,14,0.2338,4,2.2509
0.8545,0.2909,2.4730,2.5047,0.1358,2,13,0.2657,5,2.2531
0.8545,0.3091,2.4413,2.5681,0.1398,2,13,0.3108,5,2.2574
0.8545,0.3273,2.4096,2.6315,0.1438,2,12,0.3642,5,2.2640
0.8545,0.3455,2.3779,2.6949,0.1477,2,12,0.4227,5,2.2728
0.8545,0.3636,2.3462,2.7583,0.1514,2,12,0.4782,5,2.2837
0.8545,0.3818,2.3145,2.8217,0.1545,3,13,0.4471,5,2.2968
0.8545,0.4000,2.2828,2.8852,0.1572,3,14,0.4257,5,2.3120
0.8545,0.4182,2.2511,2.9486,0.1594,3,14,0.4154,5,2.3215
0.8545,0.4364,2.2194,3.0120,0.1612,3,15,0.3723,5,2.3111
0.8545,0.4545,2.1876,3.0754,0.1626,3,15,0.3268,4,2.3028
0.8545,0.4727,2.1559,3.1388,0.1638,3,18,0.2916,4,2.2967
0.8545,0.4909,2.1242,3.2022,0.1650,2,17,0.2707,4,2.2928
0.8545,0.5091,2.0925,3.2656,0.1662,2,17,0.2676,5,2.2911
0.8545,0.5273,2.0608,3.3290,0.1677,3,18,0.2829,5,2.2915
0.8545,0.5455,2.0291,3.3924,0.1696,3,18,0.3138,5,2.2942
0.8545,0.5636,1.9974,3.4558,0.1717,4,17,0.3563,5,2.2990
0.8545,0.5818,1.9657,3.5193,0.1740,3,18,0.4068,6,2.3060
0.8545,0.6000,1.9340,3.5827,0.1762,3,18,0.4627,6,2.3152
0.8545,0.6182,1.9023,3.6461,0.1783,4,18,0.5223,5,2.3218
0.8545,0.6364,1.8706,3.7095,0.1799,4,16,0.5685,5,2.3054
0.8545,0.6545,1.8389,3.7729,0.1809,4,16,0.5875,5,2.2911
0.8545,0.6727,1.8072,3.8363,0.1811,4,15,0.6141,6,2.2789
0.8545,0.6909,1.7755,3.8997,0.1804,4,15,0.6466,5,2.2689
0.8545,0.7091,1.7438,3.9631,0.1788,4,15,0.5762,5,2.2610
0.8545,0.7273,1.7121,4.0265,0.1764,3,15,0.5058,5,2.2553
0.8545,0.7455,1.6804,4.0899,0.1732,3,16,0.4357,6,2.2519
0.8545,0.7636,1.6487,4.1534,0.1695,3,15,0.3659,5,2.2507
0.8545,0.7818,1.6170,4.2168,0.1654,3,15,0.2965,5,2.2517
0.8545,0.8000,1.5853,4.2802,0.1612,3,16,0.2281,6,2.2550
0.8545,0.8182,1.5535,4.3436,0.1572,4,17,0.1619,5,2.2604
0.8545,0.8364,1.5218,4.4070,0.1535,2,17,0.1022,5,2.2681
0.8545,0.8545,1.4901,4.4704,0.1501,2,17,0.0687,5,2.2780
0.8545,0.8727,1.4584,4.5338,0.1472,3,18,0.0951,5,2.2900
0.8545,0.8909,1.4267,4.5972,0.1447,3,17,0.1531,4,2.3041
0.8545,0.9091,1.3950,4.6606,0.1427,2,16,0.2188,4,2.3203
0.8545,0.9273,1.3633,4.7240,0.1408,2,16,0.2182,4,2.3160
0.8545,0.9455,1.3316,4.7875,0.1391,2,16,0.2211,5,2.3067
0.8545,0.9636,1.2999,4.8509,0.1374,2,14,0.2453,5,2.2995
0.8545,0.9818,1.2682,4.9143,0.1356,2,14,0.2856,5,2.2945
0.8727,0.0000,3.0437,1.5218,0.1291,2,13,0.2955,6,2.2794
0.8727,0.0182,3.0120,1.5853,0.1279,2,12,0.3589,6,2.2788
0.8727,0.0364,2.9803,1.6487,0.1269,2,11,0.4247,5,2.2803
0.8727,0.0545,2.9486,1.7121,0.1258,2,11,0.4687,5,2.2841
0.8727,0.0727,2.9169,1.7755,0.1248,2,14,0.3978,5,2.2900
0.8727,0.0909,2.8852,1.8389,0.1238,2,13,0.3269,4,2.2982
0.8727,0.1091,2.8535,1.9023,0.1231,2,13,0.2560,4,2.3084
0.8727,0.1273,2.8217,1.9657,0.1226,2,14,0.1851,4,2.3161
0.8727,0.1455,2.7900,2.0291,0.1225,1,15,0.1142,6,2.3008
0.8727,0.1636,2.7583,2.0925,0.1228,1,15,0.0434,5,2.2876
0.8727,0.1818,2.7266,2.1559,0.1235,1,16,0.0276,5,2.2765
0.8727,0.2000,2.6949,2.2194,0.1249,0,14,0.0985,5,2.2675
0.8727,0.2182,2.6632,2.2828,0.1268,1,14,0.1694,5,2.2608
0.8727,0.2364,2.6315,2.3462,0.1294,1,14,0.1634,5,2.2562
0.8727,0.2545,2.5998,2.4096,0.1328,1,14,0.1500,5,2.2539
0.8727,0.2727,2.5681,2.4730,0.1366,1,14,0.1685,4,2.2538
0.8727,0.2909,2.5364,2.5364,0.1408,2,13,0.2105,5,2.2560
0.8727,0.3091,2.5047,2.5998,0.1451,2,13,0.2651,5,2.2603
0.8727,0.3273,2.4730,2.6632,0.1495,2,12,0.3261,5,2.2669
0.8727,0.3455,2.4413,2.7266,0.1538,3,14,0.3904,5,2.2756
0.8727,0.3636,2.4096,2.7900,0.1577,3,13,0.4567,5,2.2866
0.8727,0.3818,2.3779,2.8535,0.1611,3,13,0.5136,6,2.2996
0.8727,0.4000,2.3462,2.9169,0.1640,3,15,0.4950,6,2.3148
0.8727,0.4182,2.3145,2.9803,0.1662,3,15,0.4725,5,2.3094
0.8727,0.4364,2.2828,3.0437,0.1678,3,16,0.4259,5,2.2989
0.8727,0.4545,2.2511,3.1071,0.1688,3,16,0.3868,4,2.2906
0.8727,0.4727,2.2194,3.1705,0.1696,3,16,0.3575,4,2.2845
0.8727,0.4909,2.1876,3.2339,0.1701,3,16,0.3408,4,2.2805
0.8727,0.5091,2.1559,3.2973,0.1705,3,17,0.3383,4,2.2788
0.8727,0.5273,2.1242,3.3607,0.1710,3,18,0.3505,5,2.2793
0.8727,0.5455,2.0925,3.4241,0.1718,3,18,0.3759,5,2.2819
0.8727,0.5636,2.0608,3.4876,0.1730,4,18,0.4120,5,2.2868
0.8727,0.5818,2.0291,3.5510,0.1744,4,18,0.4564,5,2.2938
0.8727,0.6000,1.9974,3.6144,0.1757,3,18,0.4855,5,2.3030
0.8727,0.6182,1.9657,3.6778,0.1770,4,18,0.4874,6,2.3144
0.8727,0.6364,1.9340,3.7412,0.1780,4,17,0.4994,5,2.3082
0.8727,0.6545,1.9023,3.8046,0.1784,4,15,0.5209,5,2.2939
0.8727,0.6727,1.8706,3.8680,0.1782,4,16,0.5507,4,2.2817
0.8727,0.6909,1.8389,3.9314,0.1771,4,14,0.5877,5,2.2717
0.8727,0.7091,1.8072,3.9948,0.1753,3,14,0.5721,5,2.2639
0.8727,0.7273,1.7755,4.0582,0.1726,3,14,0.5012,6,2.2582
0.8727,0.7455,1.7438,4.1217,0.1692,3,15,0.4303,6,2.2548
0.8727,0.7636,1.7121,4.1851,0.1652,3,14,0.3594,5,2.2536
0.8727,0.7818,1.6804,4.2485,0.1608,3,14,0.2885,4,2.2546
0.8727,0.8000,1.6487,4.3119,0.1563,3,14,0.2176,4,2.2578
0.8727,0.8182,1.6170,4.3753,0.1519,2,16,0.1467,5,2.2633
0.8727,0.8364,1.5853,4.4387,0.1478,2,16,0.0758,5,2.2710
0.8727,0.8545,1.5535,4.5021,0.1441,2,17,0.0055,5,2.2808
0.8727,0.8727,1.5218,4.5655,0.1409,2,17,0.0660,5,2.2928
0.8727,0.8909,1.4901,4.6289,0.1382,3,16,0.1369,4,2.3069
0.8727,0.9091,1.4584,4.6923,0.1360,2,16,0.1752,4,2.3154
0.8727,0.9273,1.4267,4.7558,0.1342,2,16,0.1480,4,2.3039
0.8727,0.9455,1.3950,4.8192,0.1327,2,16,0.1523,5,2.2945
0.8727,0.9636,1.3633,4.8826,0.1314,2,16,0.1858,5,2.2873
0.8727,0.9818,1.3316,4.9460,0.1302,2,13,0.2364,5,2.2822
0.8909,0.0000,3.1071,1.5535,0.1255,2,13,0.2678,6,2.2693
0.8909,0.0182,3.0754,1.6170,0.1253,2,13,0.3364,5,2.2686
0.8909,0.0364,3.0437,1.6804,0.1252,2,12,0.4058,5,2.2702
0.8909,0.0545,3.0120,1.7438,0.1251,2,12,0.4738,5,2.2740
0.8909,0.0727,2.9803,1.8072,0.1251,2,12,0.4037,4,2.2799
0.8909,0.0909,2.9486,1.8706,0.1251,2,13,0.3341,4,2.2881
0.8909,0.1091,2.9169,1.9340,0.1253,2,13,0.2652,5,2.2984
0.8909,0.1273,2.8852,1.9974,0.1256,1,14,0.1976,5,2.3109
0.8909,0.1455,2.8535,2.0608,0.1261,2,15,0.1335,6,2.3058
0.8909,0.1636,2.8217,2.1242,0.1269,2,15,0.0815,6,2.2926
0.8909,0.1818,2.7900,2.1876,0.1281,2,15,0.0743,5,2.2815
0.8909,0.2000,2.7583,2.2511,0.1297,2,15,0.1202,5,2.2726
0.8909,0.2182,2.7266,2.3145,0.1318,2,15,0.1571,4,2.2659
0.8909,0.2364,2.6949,2.3779,0.1345,2,16,0.1023,5,2.2613
0.8909,0.2545,2.6632,2.4413,0.1379,1,14,0.0793,5,2.2590
0.8909,0.2727,2.6315,2.5047,0.1418,1,14,0.1103,6,2.2589
0.8909,0.2909,2.5998,2.5681,0.1461,2,15,0.1676,6,2.2610
0.8909,0.3091,2.5681,2.6315,0.1506,2,14,0.2325,5,2.2654
0.8909,0.3273,2.5364,2.6949,0.1552,3,13,0.3002,5,2.2720
0.8909,0.3455,2.5047,2.7583,0.1596,3,14,0.3690,5,2.2807
0.8909,0.3636,2.4730,2.8217,0.1637,3,13,0.4385,5,2.2916
0.8909,0.3818,2.4413,2.8852,0.1672,3,14,0.5084,6,2.3046
0.8909,0.4000,2.4096,2.9486,0.1700,3,15,0.5647,6,2.3120
0.8909,0.4182,2.3779,3.0120,0.1721,3,15,0.5255,6,2.2994
0.8909,0.4364,2.3462,3.0754,0.1734,3,15,0.4840,5,2.2889
0.8909,0.4545,2.3145,3.1388,0.1741,4,16,0.4500,4,2.2805
0.8909,0.4727,2.2828,3.2022,0.1743,4,16,0.4251,4,2.2744
0.8909,0.4909,2.2511,3.2656,0.1741,4,17,0.4111,4,2.2704
0.8909,0.5091,2.2194,3.3290,0.1737,3,17,0.4091,4,2.2687
0.8909,0.5273,2.1876,3.3924,0.1733,4,17,0.4192,5,2.2691
0.8909,0.5455,2.1559,3.4558,0.1730,3,18,0.4406,5,2.2718
0.8909,0.5636,2.1242,3.5193,0.1731,3,18,0.4456,5,2.2767
0.8909,0.5818,2.0925,3.5827,0.1734,4,17,0.4245,5,2.2838
0.8909,0.6000,2.0608,3.6461,0.1739,3,17,0.4147,6,2.2930
0.8909,0.6182,2.0291,3.7095,0.1743,4,17,0.4169,6,2.3044
0.8909,0.6364,1.9974,3.7729,0.1746,4,16,0.4309,5,2.3132
0.8909,0.6545,1.9657,3.8363,0.1745,4,16,0.4556,5,2.2989
0.8909,0.6727,1.9340,3.8997,0.1738,3,15,0.4895,4,2.2868
0.8909,0.6909,1.9023,3.9631,0.1725,3,15,0.5307,4,2.2768
0.8909,0.7091,1.8706,4.0265,0.1704,3,14,0.5706,5,2.2689
0.8909,0.7273,1.8389,4.0899,0.1676,3,14,0.5065,6,2.2633
0.8909,0.7455,1.8072,4.1534,0.1641,3,13,0.4365,6,2.2599
0.8909,0.7636,1.7755,4.2168,0.1600,3,14,0.3668,5,2.2587
0.8909,0.7818,1.7438,4.2802,0.1556,3,14,0.2977,5,2.2597
0.8909,0.8000,1.7121,4.3436,0.1510,2,14,0.2296,4,2.2629
0.8909,0.8182,1.6804,4.4070,0.1465,2,15,0.1640,4,2.2684
0.8909,0.8364,1.6487,4.4704,0.1422,1,14,0.1054,5,2.2760
0.8909,0.8545,1.6170,4.5338,0.1383,1,15,0.0735,5,2.2859
0.8909,0.8727,1.5853,4.5972,0.1349,2,16,0.0986,5,2.2978
0.8909,0.8909,1.5535,4.6606,0.1322,3,15,0.1553,4,2.3119
0.8909,0.9091,1.5218,4.7240,0.1301,2,15,0.1227,4,2.3054
0.8909,0.9273,1.4901,4.7875,0.1285,2,15,0.0793,4,2.2939
0.8909,0.9455,1.4584,4.8509,0.1273,2,15,0.0870,5,2.2844
0.8909,0.9636,1.4267,4.9143,0.1265,2,15,0.1374,6,2.2772
0.8909,0.9818,1.3950,4.9777,0.1259,2,13,0.2007,6,2.2721
0.9091,0.0000,3.1705,1.5853,0.1232,2,13,0.2571,6,2.2613
0.9091,0.0182,3.1388,1.6487,0.1239,2,13,0.3280,5,2.2607
0.9091,0.0364,3.1071,1.7121,0.1248,2,14,0.3989,5,2.2622
0.9091,0.0545,3.0754,1.7755,0.1257,2,11,0.4698,4,2.2660
0.9091,0.0727,3.0437,1.8389,0.1267,2,11,0.4217,4,2.2720
0.9091,0.0909,3.0120,1.9023,0.1277,2,12,0.3556,5,2.2802
0.9091,0.1091,2.9803,1.9657,0.1287,2,13,0.2917,5,2.2906
0.9091,0.1273,2.9486,2.0291,0.1298,2,13,0.2320,5,2.3031
0.9091,0.1455,2.9169,2.0925,0.1310,2,16,0.1806,6,2.3130
0.9091,0.1636,2.8852,2.1559,0.1323,2,16,0.1465,6,2.2998
0.9091,0.1818,2.8535,2.2194,0.1337,2,16,0.1426,5,2.2887
0.9091,0.2000,2.8217,2.2828,0.1355,2,16,0.1711,4,2.2799
0.9091,0.2182,2.7900,2.3462,0.1377,3,16,0.1360,4,2.2731
0.9091,0.2364,2.7583,2.4096,0.1404,2,17,0.0654,4,2.2686
0.9091,0.2545,2.7266,2.4730,0.1437,2,17,0.0101,5,2.2663
0.9091,0.2727,2.6949,2.5364,0.1474,1,16,0.0773,6,2.2662
0.9091,0.2909,2.6632,2.5998,0.1515,2,15,0.1480,6,2.2683
0.9091,0.3091,2.6315,2.6632,0.1560,3,14,0.2188,6,2.2727
0.9091,0.3273,2.5998,2.7266,0.1605,3,14,0.2897,5,2.2792
0.9091,0.3455,2.5681,2.7900,0.1649,3,14,0.3606,5,2.2879
0.9091,0.3636,2.5364,2.8535,0.1688,3,15,0.4314,5,2.2988
0.9091,0.3818,2.5047,2.9169,0.1723,3,14,0.5023,5,2.3118
0.9091,0.4000,2.4730,2.9803,0.1749,3,14,0.5732,6,2.3042
0.9091,0.4182,2.4413,3.0437,0.1768,4,15,0.5823,6,2.2915
0.9091,0.4364,2.4096,3.1071,0.1779,4,16,0.5452,6,2.2810
0.9091,0.4545,2.3779,3.1705,0.1781,4,16,0.5152,4,2.2726
0.9091,0.4727,2.3462,3.2339,0.1777,4,17,0.4936,4,2.2664
0.9091,0.4909,2.3145,3.2973,0.1768,4,18,0.4816,4,2.2625
0.9091,0.5091,2.2828,3.3607,0.1756,3,18,0.4799,4,2.2607
0.9091,0.5273,2.2511,3.4241,0.1743,4,18,0.4600,5,2.2612
0.9091,0.5455,2.2194,3.4876,0.1730,4,18,0.4161,5,2.2639
0.9091,0.5636,2.1876,3.5510,0.1719,3,18,0.3806,6,2.2687
0.9091,0.5818,2.1559,3.6144,0.1712,3,17,0.3557,6,2.2758
0.9091,0.6000,2.1242,3.6778,0.1708,3,18,0.3440,6,2.2851
0.9091,0.6182,2.0925,3.7412,0.1704,3,16,0.3466,6,2.2965
0.9091,0.6364,2.0608,3.8046,0.1700,3,16,0.3633,5,2.3101
0.9091,0.6545,2.0291,3.8680,0.1693,3,16,0.3923,4,2.3061
0.9091,0.6727,1.9974,3.9314,0.1682,3,16,0.4311,4,2.2940
0.9091,0.6909,1.9657,3.9948,0.1666,3,15,0.4774,4,2.2840
0.9091,0.7091,1.9340,4.0582,0.1644,3,15,0.5009,5,2.2762
0.9091,0.7273,1.9023,4.1217,0.1616,3,14,0.5194,6,2.2706
0.9091,0.7455,1.8706,4.1851,0.1582,3,13,0.4538,6,2.2672
0.9091,0.7636,1.8389,4.2485,0.1542,3,14,0.3872,6,2.2660
0.9091,0.7818,1.8072,4.3119,0.1499,2,12,0.3225,5,2.2670
0.9091,0.8000,1.7755,4.3753,0.1455,2,13,0.2610,5,2.2702
0.9091,0.8182,1.7438,4.4387,0.1411,2,13,0.2057,5,2.2757
0.9091,0.8364,1.7121,4.5021,0.1369,1,14,0.1629,4,2.2833
0.9091,0.8545,1.6804,4.5655,0.1331,1,14,0.1443,5,2.2931
0.9091,0.8727,1.6487,4.6289,0.1298,1,14,0.1586,5,2.3050
0.9091,0.8909,1.6170,4.6923,0.1271,1,14,0.1683,4,2.3113
0.9091,0.9091,1.5853,4.7558,0.1252,0,15,0.0974,4,2.2976
0.9091,0.9273,1.5535,4.8192,0.1238,1,16,0.0267,4,2.2860
0.9091,0.9455,1.5218,4.8826,0.1231,1,15,0.0446,6,2.2765
0.9091,0.9636,1.4901,4.9460,0.1228,1,15,0.1154,6,2.2693
0.9091,0.9818,1.4584,5.0094,0.1228,2,14,0.1863,6,2.2642
0.9273,0.0000,3.2339,1.6170,0.1223,2,13,0.2657,6,2.2556
0.9273,0.0182,3.2022,1.6804,0.1239,2,12,0.3348,4,2.2549
0.9273,0.0364,3.1705,1.7438,0.1257,2,12,0.4045,4,2.2565
0.9273,0.0545,3.1388,1.8072,0.1276,2,12,0.4698,4,2.2603
0.9273,0.0727,3.1071,1.8706,0.1295,1,11,0.4502,5,2.2663
0.9273,0.0909,3.0754,1.9340,0.1314,2,12,0.3890,5,2.2745
0.9273,0.1091,3.0437,1.9974,0.1334,2,12,0.3316,5,2.2849
0.9273,0.1273,3.0120,2.0608,0.1352,2,13,0.2805,6,2.2974
0.9273,0.1455,2.9803,2.1242,0.1369,2,15,0.2398,6,2.3120
0.9273,0.1636,2.9486,2.1876,0.1386,2,16,0.2152,5,2.3091
0.9273,0.1818,2.9169,2.2511,0.1403,2,16,0.2126,5,2.2982
0.9273,0.2000,2.8852,2.3145,0.1421,2,16,0.2160,4,2.2893
0.9273,0.2182,2.8535,2.3779,0.1442,3,17,0.1496,4,2.2826
0.9273,0.2364,2.8217,2.4413,0.1467,3,18,0.0903,4,2.2781
0.9273,0.2545,2.7900,2.5047,0.1497,2,17,0.0631,5,2.2758
0.9273,0.2727,2.7583,2.5681,0.1531,2,17,0.0993,6,2.2757
0.9273,0.2909,2.7266,2.6315,0.1569,4,17,0.1606,6,2.2778
0.9273,0.3091,2.6949,2.6949,0.1609,3,16,0.2275,6,2.2822
0.9273,0.3273,2.6632,2.7583,0.1651,3,14,0.2963,6,2.2887
0.9273,0.3455,2.6315,2.8217,0.1692,3,15,0.3659,5,2.2973
0.9273,0.3636,2.5998,2.8852,0.1730,3,15,0.4359,5,2.3082
0.9273,0.3818,2.5681,2.9486,0.1762,3,15,0.5062,5,2.3133
0.9273,0.4000,2.5364,3.0120,0.1786,4,15,0.5766,6,2.2985
0.9273,0.4182,2.5047,3.0754,0.1802,4,15,0.6419,6,2.2858
0.9273,0.4364,2.4730,3.1388,0.1809,4,15,0.6084,6,2.2753
0.9273,0.4545,2.4413,3.2022,0.1807,4,16,0.5817,5,2.2669
0.9273,0.4727,2.4096,3.2656,0.1798,4,16,0.5627,4,2.2607
0.9273,0.4909,2.3779,3.3290,0.1782,4,18,0.5243,4,2.2567
0.9273,0.5091,2.3462,3.3924,0.1762,3,18,0.4652,4,2.2549
0.9273,0.5273,2.3145,3.4558,0.1740,3,18,0.4098,5,2.2554
0.9273,0.5455,2.2828,3.5193,0.1718,4,17,0.3599,6,2.2581
0.9273,0.5636,2.2511,3.5827,0.1698,3,18,0.3181,6,2.2630
0.9273,0.5818,2.2194,3.6461,0.1680,3,18,0.2879,6,2.2701
0.9273,0.6000,2.1876,3.7095,0.1666,3,17,0.2733,6,2.2794
0.9273,0.6182,2.1559,3.7729,0.1654,2,17,0.2766,6,2.2909
0.9273,0.6364,2.1242,3.8363,0.1643,3,18,0.2972,4,2.3045
0.9273,0.6545,2.0925,3.8997,0.1631,3,15,0.3321,4,2.3154
0.9273,0.6727,2.0608,3.9631,0.1617,3,15,0.3772,4,2.3034
0.9273,0.6909,2.0291,4.0265,0.1600,3,14,0.4212,4,2.2934
0.9273,0.7091,1.9974,4.0899,0.1577,3,14,0.4315,5,2.2857
0.9273,0.7273,1.9657,4.1534,0.1550,3,13,0.4529,5,2.2801
0.9273,0.7455,1.9340,4.2168,0.1518,2,12,0.4810,6,2.2767
0.9273,0.7636,1.9023,4.2802,0.1482,2,12,0.4188,6,2.2755
0.9273,0.7818,1.8706,4.3436,0.1442,2,12,0.3598,5,2.2765
0.9273,0.8000,1.8389,4.4070,0.1402,2,13,0.3060,5,2.2797
0.9273,0.8182,1.8072,4.4704,0.1362,2,13,0.2604,5,2.2851
0.9273,0.8364,1.7755,4.5338,0.1323,1,14,0.2281,5,2.2927
0.9273,0.8545,1.7438,4.5972,0.1288,1,14,0.2151,4,2.3025
0.9273,0.8727,1.7121,4.6606,0.1257,1,14,0.2250,4,2.3144
0.9273,0.8909,1.6804,4.7240,0.1233,1,14,0.1811,4,2.3057
0.9273,0.9091,1.6487,4.7875,0.1216,0,15,0.1182,4,2.2919
0.9273,0.9273,1.6170,4.8509,0.1206,0,14,0.0721,4,2.2803
0.9273,0.9455,1.5853,4.9143,0.1202,1,14,0.0804,6,2.2708
0.9273,0.9636,1.5535,4.9777,0.1205,1,14,0.1334,6,2.2635
0.9273,0.9818,1.5218,5.0411,0.1212,2,14,0.1979,6,2.2584
0.9455,0.0000,3.2973,1.6487,0.1230,1,13,0.2918,4,2.2520
0.9455,0.0182,3.2656,1.7121,0.1253,1,13,0.3558,4,2.2514
0.9455,0.0364,3.2339,1.7755,0.1279,1,13,0.3769,4,2.2530
0.9455,0.0545,3.2022,1.8389,0.1307,1,13,0.4068,5,2.2568
0.9455,0.0727,3.1705,1.9023,0.1334,2,11,0.4461,5,2.2628
0.9455,0.0909,3.1388,1.9657,0.1362,2,11,0.4315,5,2.2710
0.9455,0.1091,3.1071,2.0291,0.1389,2,12,0.3807,5,2.2814
0.9455,0.1273,3.0754,2.0925,0.1413,2,13,0.3371,6,2.2939
0.9455,0.1455,3.0437,2.1559,0.1435,2,13,0.3040,5,2.3086
0.9455,0.1636,3.0120,2.2194,0.1455,2,15,0.2850,5,2.3206
0.9455,0.1818,2.9803,2.2828,0.1474,2,16,0.2830,5,2.3097
0.9455,0.2000,2.9486,2.3462,0.1492,2,17,0.2461,4,2.3009
0.9455,0.2182,2.9169,2.4096,0.1511,2,17,0.1905,4,2.2942
0.9455,0.2364,2.8852,2.4730,0.1532,3,17,0.1486,4,2.2897
0.9455,0.2545,2.8535,2.5364,0.1556,2,17,0.1338,4,2.2875
0.9455,0.2727,2.8217,2.5998,0.1585,2,17,0.1542,6,2.2874
0.9455,0.2909,2.7900,2.6632,0.1617,4,17,0.1993,6,2.2895
0.9455,0.3091,2.7583,2.7266,0.1653,4,16,0.2563,6,2.2938
0.9455,0.3273,2.7266,2.7900,0.1690,3,17,0.3189,6,2.3002
0.9455,0.3455,2.6949,2.8535,0.1726,3,17,0.3845,5,2.3089
0.9455,0.3636,2.6632,2.9169,0.1759,3,17,0.4516,5,2.3196
0.9455,0.3818,2.6315,2.9803,0.1788,4,15,0.5197,5,2.3099
0.9455,0.4000,2.5998,3.0437,0.1809,4,15,0.5885,6,2.2951
0.9455,0.4182,2.5681,3.1071,0.1821,4,15,0.6578,6,2.2824
0.9455,0.4364,2.5364,3.1705,0.1824,4,15,0.6732,6,2.2718
0.9455,0.4545,2.5047,3.2339,0.1818,4,15,0.6232,5,2.2634
0.9455,0.4727,2.4730,3.2973,0.1803,4,16,0.5566,5,2.2572
0.9455,0.4909,2.4413,3.3607,0.1781,4,17,0.4912,4,2.2532
0.9455,0.5091,2.4096,3.4241,0.1754,3,18,0.4275,4,2.2514
0.9455,0.5273,2.3779,3.4876,0.1725,3,18,0.3665,5,2.2519
0.9455,0.5455,2.3462,3.5510,0.1694,4,18,0.3098,6,2.2546
0.9455,0.5636,2.3145,3.6144,0.1665,4,18,0.2600,6,2.2595
0.9455,0.5818,2.2828,3.6778,0.1638,3,17,0.2221,6,2.2666
0.9455,0.6000,2.2511,3.7412,0.1615,2,17,0.2027,6,2.2759
0.9455,0.6182,2.2194,3.8046,0.1596,3,17,0.2071,5,2.2874
0.9455,0.6364,2.1876,3.8680,0.1579,2,17,0.2340,4,2.3010
0.9455,0.6545,2.1559,3.9314,0.1563,2,17,0.2769,4,2.3167
0.9455,0.6727,2.1242,3.9948,0.1547,2,16,0.3296,4,2.3149
0.9455,0.6909,2.0925,4.0582,0.1528,2,15,0.3505,4,2.3050
0.9455,0.7091,2.0608,4.1217,0.1507,2,13,0.3628,5,2.2973
0.9455,0.7273,2.0291,4.1851,0.1482,2,13,0.3880,5,2.2917
0.9455,0.7455,1.9974,4.2485,0.1454,2,13,0.4236,5,2.2883
0.9455,0.7636,1.9657,4.3119,0.1422,2,11,0.4593,5,2.2871
0.9455,0.7818,1.9340,4.3753,0.1388,2,12,0.4062,5,2.2881
0.9455,0.8000,1.9023,4.4387,0.1353,2,13,0.3593,5,2.2913
0.9455,0.8182,1.8706,4.5021,0.1318,1,13,0.3214,5,2.2967
0.9455,0.8364,1.8389,4.5655,0.1285,1,14,0.2959,5,2.3043
0.9455,0.8545,1.8072,4.6289,0.1255,1,13,0.2860,5,2.3140
0.9455,0.8727,1.7755,4.6923,0.1229,1,15,0.2761,3,2.3181
0.9455,0.8909,1.7438,4.7558,0.1209,1,14,0.2176,3,2.3022
0.9455,0.9091,1.7121,4.8192,0.1195,0,14,0.1688,4,2.2885
0.9455,0.9273,1.6804,4.8826,0.1189,0,14,0.1404,5,2.2768
0.9455,0.9455,1.6487,4.9460,0.1190,0,14,0.1449,6,2.2673
0.9455,0.9636,1.6170,5.0094,0.1197,1,14,0.1798,6,2.2600
0.9455,0.9818,1.5853,5.0728,0.1211,1,14,0.2317,6,2.2549
0.9636,0.0000,3.3607,1.6804,0.1249,1,13,0.2831,5,2.2507
0.9636,0.0182,3.3290,1.7438,0.1279,1,14,0.2890,5,2.2501
0.9636,0.0364,3.2973,1.8072,0.1312,1,13,0.3113,5,2.2516
0.9636,0.0545,3.2656,1.8706,0.1347,2,13,0.3470,6,2.2555
0.9636,0.0727,3.2339,1.9340,0.1382,2,12,0.3923,5,2.2615
0.9636,0.0909,3.2022,1.9974,0.1417,2,11,0.4444,4,2.2697
0.9636,0.1091,3.1705,2.0608,0.1450,2,13,0.4357,4,2.2801
0.9636,0.1273,3.1388,2.1242,0.1479,2,13,0.3982,5,2.2927
0.9636,0.1455,3.1071,2.1876,0.1505,2,13,0.3706,5,2.3073
0.9636,0.1636,3.0754,2.2511,0.1527,2,14,0.3552,5,2.3241
0.9636,0.1818,3.0437,2.3145,0.1546,2,16,0.3448,5,2.3233
0.9636,0.2000,3.0120,2.3779,0.1562,2,17,0.2908,4,2.3146
0.9636,0.2182,2.9803,2.4413,0.1578,2,17,0.2455,4,2.3080
0.9636,0.2364,2.9486,2.5047,0.1595,3,17,0.2146,4,2.3035
0.9636,0.2545,2.9169,2.5681,0.1613,3,17,0.2046,4,2.3012
0.9636,0.2727,2.8852,2.6315,0.1635,2,17,0.2185,5,2.3011
0.9636,0.2909,2.8535,2.6949,0.1660,4,17,0.2524,5,2.3032
0.9636,0.3091,2.8217,2.7583,0.1689,4,18,0.2994,6,2.3075
0.9636,0.3273,2.7900,2.8217,0.1719,3,18,0.3545,6,2.3139
0.9636,0.3455,2.7583,2.8852,0.1748,3,18,0.4145,6,2.3225
0.9636,0.3636,2.7266,2.9486,0.1776,3,18,0.4774,5,2.3255
0.9636,0.3818,2.6949,3.0120,0.1799,4,16,0.5423,5,2.3086
0.9636,0.4000,2.6632,3.0754,0.1815,4,15,0.6086,5,2.2938
0.9636,0.4182,2.6315,3.1388,0.1823,4,15,0.6641,6,2.2811
0.9636,0.4364,2.5998,3.2022,0.1822,4,15,0.6735,5,2.2705
0.9636,0.4545,2.5681,3.2656,0.1812,4,15,0.6041,5,2.2621
0.9636,0.4727,2.5364,3.3290,0.1792,4,15,0.5351,5,2.2559
0.9636,0.4909,2.5047,3.3924,0.1766,3,16,0.4666,4,2.2519
0.9636,0.5091,2.4730,3.4558,0.1733,3,17,0.3991,5,2.2501
0.9636,0.5273,2.4413,3.5193,0.1697,3,17,0.3329,5,2.2506
0.9636,0.5455,2.4096,3.5827,0.1660,3,17,0.2691,6,2.2533
0.9636,0.5636,2.3779,3.6461,0.1623,4,17,0.2099,6,2.2582
0.9636,0.5818,2.3462,3.7095,0.1590,2,17,0.1606,6,2.2653
0.9636,0.6000,2.3145,3.7729,0.1560,2,17,0.1325,5,2.2746
0.9636,0.6182,2.2828,3.8363,0.1534,3,17,0.1392,5,2.2861
0.9636,0.6364,2.2511,3.8997,0.1512,3,17,0.1767,4,2.2997
0.9636,0.6545,2.2194,3.9631,0.1493,2,17,0.2306,4,2.3154
0.9636,0.6727,2.1876,4.0265,0.1475,2,16,0.2821,4,2.3285
0.9636,0.6909,2.1559,4.0899,0.1456,2,15,0.2799,5,2.3187
0.9636,0.7091,2.1242,4.1534,0.1437,2,14,0.2952,5,2.3110
0.9636,0.7273,2.0925,4.2168,0.1416,2,13,0.3256,5,2.3055
0.9636,0.7455,2.0608,4.2802,0.1392,2,12,0.3673,5,2.3021
0.9636,0.7636,2.0291,4.3436,0.1366,2,12,0.4170,5,2.3009
0.9636,0.7818,1.9974,4.4070,0.1339,2,11,0.4589,4,2.3019
0.9636,0.8000,1.9657,4.4704,0.1311,1,12,0.4180,4,2.3051
0.9636,0.8182,1.9340,4.5338,0.1284,1,13,0.3859,5,2.3105
0.9636,0.8364,1.9023,4.5972,0.1258,1,13,0.3648,6,2.3180
0.9636,0.8545,1.8706,4.6606,0.1234,1,13,0.3051,5,2.3276
0.9636,0.8727,1.8389,4.7240,0.1214,1,14,0.2436,5,2.3168
0.9636,0.8909,1.8072,4.7875,0.1200,1,14,0.1886,4,2.3010
0.9636,0.9091,1.7755,4.8509,0.1191,0,14,0.1480,5,2.2872
0.9636,0.9273,1.7438,4.9143,0.1189,0,14,0.1352,4,2.2755
0.9636,0.9455,1.7121,4.9777,0.1193,0,14,0.1571,4,2.2660
0.9636,0.9636,1.6804,5.0411,0.1206,1,14,0.2029,5,2.2587
0.9636,0.9818,1.6487,5.1045,0.1224,1,15,0.2602,6,2.2536
0.9818,0.0000,3.4241,1.7121,0.1282,1,14,0.2123,4,2.2516
0.9818,0.0182,3.3924,1.7755,0.1316,1,14,0.2201,4,2.2510
0.9818,0.0364,3.3607,1.8389,0.1354,1,13,0.2487,5,2.2526
0.9818,0.0545,3.3290,1.9023,0.1394,2,13,0.2921,5,2.2564
0.9818,0.0727,3.2973,1.9657,0.1435,2,12,0.3447,5,2.2624
0.9818,0.0909,3.2656,2.0291,0.1475,2,12,0.4030,5,2.2706
0.9818,0.1091,3.2339,2.0925,0.1513,2,12,0.4648,5,2.2810
0.9818,0.1273,3.2022,2.1559,0.1546,3,13,0.4622,5,2.2936
0.9818,0.1455,3.1705,2.2194,0.1575,3,13,0.4386,5,2.3082
0.9818,0.1636,3.1388,2.2828,0.1598,3,14,0.4257,5,2.3228
0.9818,0.1818,3.1071,2.3462,0.1616,3,15,0.3911,5,2.3119
0.9818,0.2000,3.0754,2.4096,0.1631,3,15,0.3444,4,2.3031
0.9818,0.2182,3.0437,2.4730,0.1643,3,15,0.3071,4,2.2964
0.9818,0.2364,3.0120,2.5364,0.1654,2,17,0.2830,4,2.2919
0.9818,0.2545,2.9803,2.5998,0.1665,3,17,0.2755,4,2.2897
0.9818,0.2727,2.9486,2.6632,0.1678,3,18,0.2860,5,2.2896
0.9818,0.2909,2.9169,2.7266,0.1695,3,18,0.3126,5,2.2917
0.9818,0.3091,2.8852,2.7900,0.1714,4,19,0.3517,5,2.2960
0.9818,0.3273,2.8535,2.8535,0.1736,4,18,0.3997,6,2.3024
0.9818,0.3455,2.8217,2.9169,0.1757,3,18,0.4537,6,2.3111
0.9818,0.3636,2.7900,2.9803,0.1777,4,18,0.5118,6,2.3218
0.9818,0.3818,2.7583,3.0437,0.1794,4,18,0.5564,5,2.3095
0.9818,0.4000,2.7266,3.1071,0.1805,4,16,0.5735,5,2.2947
0.9818,0.4182,2.6949,3.1705,0.1809,4,16,0.5987,5,2.2820
0.9818,0.4364,2.6632,3.2339,0.1804,4,15,0.6308,5,2.2714
0.9818,0.4545,2.6315,3.2973,0.1789,4,15,0.5928,5,2.2630
0.9818,0.4727,2.5998,3.3607,0.1767,3,15,0.5223,5,2.2568
0.9818,0.4909,2.5681,3.4241,0.1736,3,16,0.4520,6,2.2528
0.9818,0.5091,2.5364,3.4876,0.1700,3,15,0.3818,5,2.2510
0.9818,0.5273,2.5047,3.5510,0.1659,3,14,0.3120,5,2.2515
0.9818,0.5455,2.4730,3.6144,0.1617,3,16,0.2428,5,2.2542
0.9818,0.5636,2.4413,3.6778,0.1576,3,17,0.1749,5,2.2591
0.9818,0.5818,2.4096,3.7412,0.1537,2,17,0.1109,5,2.2662
0.9818,0.6000,2.3779,3.8046,0.1502,2,17,0.0638,5,2.2756
0.9818,0.6182,2.3462,3.8680,0.1471,3,17,0.0767,5,2.2870
0.9818,0.6364,2.3145,3.9314,0.1445,3,17,0.1332,4,2.3006
0.9818,0.6545,2.2828,3.9948,0.1423,2,16,0.1992,4,2.3163
0.9818,0.6727,2.2511,4.0582,0.1404,2,16,0.2123,4,2.3171
0.9818,0.6909,2.2194,4.1217,0.1387,2,16,0.2094,5,2.3072
0.9818,0.7091,2.1876,4.1851,0.1370,2,15,0.2295,5,2.2995
0.9818,0.7273,2.1559,4.2485,0.1353,2,14,0.2674,5,2.2939
0.9818,0.7455,2.1242,4.3119,0.1336,2,12,0.3169,5,2.2905
0.9818,0.7636,2.0925,4.3753,0.1317,2,12,0.3734,5,2.2893
0.9818,0.7818,2.0608,4.4387,0.1298,2,11,0.4341,5,2.2903
0.9818,0.8000,2.0291,4.5021,0.1279,2,11,0.4799,5,2.2935
0.9818,0.8182,1.9974,4.5655,0.1261,2,12,0.4204,5,2.2989
0.9818,0.8364,1.9657,4.6289,0.1243,2,12,0.3505,5,2.3065
0.9818,0.8545,1.9340,4.6923,0.1227,2,13,0.2811,4,2.3162
0.9818,0.8727,1.9023,4.7558,0.1215,2,13,0.2127,4,2.3177
0.9818,0.8909,1.8706,4.8192,0.1207,1,14,0.1466,4,2.3019
0.9818,0.9091,1.8389,4.8826,0.1203,1,14,0.0884,5,2.2881
0.9818,0.9273,1.8072,4.9460,0.1206,0,14,0.0647,5,2.2764
0.9818,0.9455,1.7755,5.0094,0.1214,0,14,0.1030,5,2.2669
0.9818,0.9636,1.7438,5.0728,0.1229,1,15,0.1646,6,2.2596
0.9818,0.9818,1.7121,5.1362,0.1252,1,14,0.2275,5,2.2545
